Moneda,Siglas,Precio,Cambio 1 h,Cambio 24 h,Cambio 7 d,Volumen en 24 horas,Cap. de mercado,FDV,Cap merc/FDV,Cluster,Grupo
Bitcoin,BTC,29307.18,0.1,-0.0,-1.5,7723718124,570402375708,615595340248,093,1,1
Ethereum,ETH,1839.65,0.1,-0.2,-0.7,4068070711,221092122908,221092122908,100,1,1
Tether,USDT,1.0,0.0,0.0,-0.0,10387278843,83318841504,83318841504,100,1,1
BNB,BNB,239.14,0.1,-0.4,-2.4,337229328,36784347479,47816544843,077,0,0
XRP,XRP,0.62,-0.5,-1.1,-2.8,831972828,32848276921,62227631637,053,0,0
USD Coin,USDC,1.0,0.0,-0.0,-0.0,1955674086,25934692670,25934642302,100,0,0
Lido Staked Ether,STETH,1838.45,0.1,-0.2,-0.7,18060501,14939494488,14945387327,100,0,0
Dogecoin,DOGE,0.07,-0.5,-1.1,-2.5,416783644,10315219673,10315227743,100,0,0
Cardano,ADA,0.29,-0.4,-0.6,-4.4,108584915,10078925610,12941971261,078,0,0
Solana,SOL,24.62,-0.3,-0.6,2.0,342299308,10009146571,13677420671,073,0,0
TRON,TRX,0.08,0.1,-0.3,0.5,162765800,6901713939,6901715535,100,0,0
Polkadot,DOT,4.93,-0.1,-1.0,-2.6,75008439,6239255923,6638618118,094,0,0
Shiba Inu,SHIB,0.0,-3.4,0.6,6.3,229472885,6156122543,10445742442,059,0,0
Polygon,MATIC,0.66,-0.4,-2.8,-4.3,148067993,6148783392,6597782928,093,0,0
Litecoin,LTC,81.32,-0.0,-0.9,-3.8,304308016,5983292607,6833856961,088,0,0
Toncoin,TON,1.47,0.8,0.8,16.7,34606013,5068726002,7505877193,068,0,0
Wrapped Bitcoin,WBTC,29314.77,0.1,-0.1,-1.5,37957401,4756276179,4756276179,100,0,2
Uniswap,UNI,6.22,-0.0,-0.6,2.2,64186130,4692214013,6225021904,075,0,0
Bitcoin Cash,BCH,236.38,0.0,3.3,-1.5,219720101,4602907534,4962781598,093,0,0
Avalanche,AVAX,12.17,-0.3,-1.1,-3.7,78416754,4184652617,8761754612,048,0,0
Dai,DAI,1.0,0.0,-0.0,-0.1,84521556,3928451253,3928989549,100,0,0
Chainlink,LINK,7.2,-0.4,-3.1,-2.1,216046206,3875975834,7203077572,054,0,0
LEO Token,LEO,3.98,0.5,-0.1,0.1,940418,3698756923,3920051498,094,0,0
Stellar,XLM,0.13,-0.3,-1.8,-6.6,75235053,3641339844,6649744956,055,0,0
Binance USD,BUSD,1.0,0.1,0.0,-0.2,1297725930,3349344217,3349344217,100,0,0
Monero,XMR,157.11,-0.0,-0.9,-1.6,67957410,2851671197,0,-,0,0
OKB,OKB,46.42,0.2,-0.8,0.8,3437588,2785480225,13927401127,020,0,0
TrueUSD,TUSD,1.0,0.0,0.1,-0.0,1807042713,2748759680,2748759680,100,0,0
Cosmos Hub,ATOM,8.42,0.2,-0.6,-2.5,107077485,2463107812,0,-,0,0
Ethereum Classic,ETC,17.19,-0.3,-1.3,-4.3,58882335,2451195744,3624162602,068,0,0
Hedera,HBAR,0.07,-1.8,3.7,13.7,333947561,2265766849,3437064036,066,0,0
Internet Computer,ICP,4.01,-0.2,-1.5,-3.4,18443986,1771198834,1882162626,094,0,0
Filecoin,FIL,3.93,-2.0,-3.5,-5.1,72802939,1740575439,7715856979,023,0,0
Aptos,APT,6.86,-0.8,-2.4,2.3,71288068,1548905263,7213774194,021,0,0
Lido DAO,LDO,1.74,-2.0,-5.2,-6.5,50831085,1528884356,1739661705,088,0,0
Cronos,CRO,0.06,-0.2,-0.5,-2.8,4409773,1479102079,1692619679,087,0,0
Mantle,MNT,0.46,0.0,-0.5,-10.2,6282975,1476483395,2839194852,052,0,0
Quant,QNT,101.13,0.1,0.4,-1.2,15667267,1470251758,1477157817,100,0,0
Arbitrum,ARB,1.15,0.0,1.2,0.0,107248234,1468117561,11514647537,013,0,0
VeChain,VET,0.02,-0.1,-2.1,2.1,27570820,1321560964,1575971866,084,0,0
NEAR Protocol,NEAR,1.32,-0.1,-1.0,-3.1,41313382,1243664904,1320699290,094,0,0
Maker,MKR,1229.92,-0.1,-1.3,0.1,89302912,1111170930,1239714145,090,0,0
Optimism,OP,1.52,-0.3,-0.3,-9.2,79483897,1095303875,6563744745,017,0,0
Rocket Pool ETH,RETH,1998.66,0.1,-0.2,-0.9,4760111,995187220,995187220,100,0,0
The Graph,GRT,0.11,-0.2,-1.9,-1.3,46829698,972975776,1065881235,091,0,0
Aave,AAVE,64.95,-0.1,-0.8,-2.4,53798413,943094001,1039658466,091,0,0
XDC Network,XDC,0.06,7.6,3.4,-2.4,14702915,899483387,2457436392,037,0,0
Algorand,ALGO,0.11,-0.1,-2.2,-1.7,28574015,879842951,1124916458,078,0,0
WhiteBIT Coin,WBT,5.72,1.0,2.2,3.1,8160293,823641492,2286011566,036,0,0
Frax,FRAX,1.0,0.0,-0.0,-0.1,14507732,811129221,811129221,100,0,0
Stacks,STX,0.58,-0.2,-0.7,-1.3,4757281,810170513,1052930149,077,0,0
Kaspa,KAS,0.04,1.9,-3.7,-15.1,16149955,806537324,1147853583,070,0,0
EOS,EOS,0.71,-0.2,-1.0,-2.4,63465156,792458237,0,-,0,0
The Sandbox,SAND,0.38,-0.5,-1.4,-5.9,73837985,792278877,1154963681,069,0,0
MultiversX,EGLD,30.35,-0.5,-1.5,-4.4,9307938,784918440,954337538,082,0,0
Synthetix Network,SNX,2.41,-0.3,-2.6,-7.0,29336621,776412453,778159003,100,0,0
ImmutableX,IMX,0.68,-0.2,-2.1,-7.9,21292368,760895720,1354641077,056,0,0
Axie Infinity,AXS,5.75,-0.8,-1.4,-3.7,43401716,754785510,1555287802,049,0,0
Theta Network,THETA,0.74,-0.1,-0.7,1.9,13404068,742965184,742965184,100,0,0
Tezos,XTZ,0.78,-0.2,-1.8,-2.4,14835042,734137348,0,-,0,0
ApeCoin,APE,1.98,-0.8,-4.3,7.0,71870281,730716263,1982443443,037,0,0
USDD,USDD,1.0,-0.0,0.0,-0.1,25689841,723049889,0,-,0,0
Bitcoin SV,BSV,35.72,0.0,0.4,-1.5,25040699,687826480,749730022,092,0,0
Fantom,FTM,0.24,-0.6,-1.4,0.0,49778637,665692866,754274154,088,0,0
Decentraland,MANA,0.36,-0.4,-1.7,-4.0,42935826,658015853,783431910,084,0,0
FLEX Coin,FLEX,6.58,2.8,10.6,-4.1,199654,650555170,651022169,100,0,0
Bitget Token,BGB,0.45,0.1,-1.1,-2.7,11618017,627206114,896008094,070,0,0
Render,RNDR,1.68,0.0,-1.6,3.4,15081247,622413012,894220457,070,0,0
Injective,INJ,7.39,0.4,-2.7,-9.5,27448877,618482418,738437484,084,0,0
Radix,XRD,0.06,-2.1,4.3,10.3,3282408,597514432,1401234738,043,0,0
NEO,NEO,8.32,-0.4,-2.2,-2.9,16752606,587747509,833329801,071,0,0
GALA,GALA,0.02,-0.9,-2.9,-5.0,341236091,567306840,1118360398,051,0,0
Kava,KAVA,0.81,-0.6,-2.5,-2.3,8070961,566566449,566581130,100,0,0
eCash,XEC,0.0,0.2,0.1,-5.0,7545004,564614199,608940589,093,0,0
Flow,FLOW,0.54,-0.3,-2.0,-4.1,15864227,559944274,783909551,071,0,0
Pepe,PEPE,0.0,-0.7,-4.0,10.1,89448239,559648544,559648544,100,0,0
Gate,GT,4.07,0.1,-0.4,-0.5,302121,558728452,1220219089,046,0,0
KuCoin,KCS,5.49,-0.1,-0.4,-2.2,532645,531126035,791931450,067,0,0
Rollbit Coin,RLB,0.16,4.1,-6.6,9.4,16999457,531027074,805330400,066,0,0
Rocket Pool,RPL,26.69,0.9,-2.1,3.8,4485808,523480995,523480995,100,0,0
Chiliz,CHZ,0.07,0.0,-1.2,-2.6,26872982,517291498,659171335,078,0,0
Pax Dollar,USDP,1.0,-0.0,-0.1,-0.2,3455709,505920428,505920428,100,0,0
cETH,CETH,36.94,0.0,-0.2,-0.7,493294,497922625,497922625,100,0,0
Klaytn,KLAY,0.15,-0.5,-1.9,-1.6,7459908,494473225,0,-,0,0
Curve DAO,CRV,0.57,-0.5,-1.6,-6.8,43821882,488961521,1885160245,026,0,0
Frax Share,FXS,6.66,-0.7,-1.5,4.5,44290065,485166114,664117452,073,0,0
PAX Gold,PAXG,1902.05,-0.1,0.0,-1.7,7423673,472402525,472402525,100,0,0
Tether Gold,XAUT,1904.21,-0.0,-0.3,-1.1,4205424,469427705,469427705,100,0,0
IOTA,MIOTA,0.17,-0.4,-1.2,-5.3,4451124,462157925,462157925,100,0,0
Frax Ether,FRXETH,1836.33,0.0,-0.2,-0.6,2647520,459803857,459805284,100,0,0
THORChain,RUNE,1.49,1.6,6.0,50.7,166234008,451723000,751117655,060,0,0
Terra,LUNC,0.0,-0.3,-1.0,-1.6,17728444,450249463,529426517,085,0,0
Mina Protocol,MINA,0.47,-0.4,-2.2,2.6,12052249,443891756,496280696,089,0,0
Tokenize Xchange,TKX,5.48,-0.1,-2.1,-4.3,7439343,438184328,547757798,080,0,0
BitTorrent,BTT,0.0,0.2,-1.0,-1.4,21835642,433879215,451472167,096,0,0
Casper Network,CSPR,0.04,-0.3,-1.1,-4.8,3656258,429137471,455419733,094,0,0
Sui,SUI,0.59,-0.1,-1.2,-1.0,51594847,423709715,5859124279,007,0,0
GMX,GMX,46.36,-0.0,-1.1,-7.9,10607989,415037868,614397965,068,0,0
Huobi,HT,2.58,0.2,0.0,-1.1,9474141,411302526,518752951,079,0,0
Trust Wallet,TWT,0.94,-0.1,0.4,2.4,14407966,392776249,942700933,042,0,0
Conflux,CFX,0.18,0.1,-3.3,3.1,44736018,386508176,973849098,040,0,0
dYdX,DYDX,2.17,0.2,-0.8,4.5,41165133,376793459,2178354126,017,0,0
Compound,COMP,54.42,-0.6,-0.9,-2.6,52378436,373811908,545226417,069,0,0
Gemini Dollar,GUSD,1.0,0.0,-0.0,-0.6,301342,362552541,362552541,100,0,0
Dash,DASH,31.29,-0.0,-1.9,-5.2,27630608,357273894,592427358,060,0,0
Nexus Mutual,NXM,52.3,0.0,-0.2,-0.6,1352053,353480151,353480151,100,0,0
Bone ShibaSwap,BONE,1.4,-11.3,-5.0,-13.6,12556024,349737285,380276590,092,0,0
Arweave,AR,5.32,-0.2,-0.5,0.1,5806777,348424995,351330468,099,0,0
NEXO,NEXO,0.62,-1.6,-1.0,-3.8,1383646,344718527,615568788,056,0,0
Zilliqa,ZIL,0.02,-0.1,-1.3,-1.7,11174640,335289814,417301910,080,0,0
Sei,SEI,0.18,0.0,-10.1,0.0,154354328,332865739,1849254108,018,0,0
WOO Network,WOO,0.19,0.0,-0.9,1.6,9778550,328835618,426903336,077,0,0
APENFT,NFT,0.0,-0.0,-1.8,1.4,15471675,321243541,324450545,099,0,0
Staked Frax Ether,SFRXETH,1935.72,0.1,-0.3,-0.4,6100734,317981034,317979251,100,0,0
PancakeSwap,CAKE,1.48,-0.0,-0.3,-1.6,19737262,317364517,1108931420,029,0,0
Flare,FLR,0.01,-0.3,-1.3,-0.4,3517614,315876298,1495558344,021,0,0
1inch,1INCH,0.3,-0.4,-2.9,-1.7,15051603,311079034,453362685,069,0,0
Basic Attention,BAT,0.21,-0.3,-2.4,-3.6,21836293,307598612,309673238,099,0,0
cUSDC,CUSDC,0.02,0.0,-0.0,0.1,322,301580880,301580880,100,0,0
Liquity USD,LUSD,0.99,0.0,0.0,-0.9,2510592,293127292,293132892,100,0,0
Helium,HNT,1.99,1.4,8.9,-7.4,2536964,285493776,442319042,065,0,0
Enjin Coin,ENJ,0.28,-0.7,-1.6,-2.2,14573892,284172856,284172856,100,0,0
Illuvium,ILV,50.04,-0.1,-4.8,6.3,3865778,284112407,481894037,059,0,0
Gnosis,GNO,109.29,-0.0,-0.1,-1.6,2076024,283057948,327918385,086,0,0
Mask Network,MASK,3.41,-0.5,-1.8,-1.2,23250577,280568916,341688435,082,0,0
MX,MX,2.78,0.2,-1.8,-2.6,305776,277413283,1202648540,023,0,0
Osmosis,OSMO,0.45,-0.3,-0.4,-0.8,7606848,277315711,454053105,061,0,0
OKT Chain,OKT,15.3,0.2,-0.5,0.5,548129,272831790,321023897,085,0,0
Loopring,LRC,0.22,-0.2,-1.9,-5.0,13266375,271492416,299496511,091,0,0
Bitcoin Gold,BTG,15.19,0.4,-0.2,-4.0,3711924,265952943,318889804,083,0,0
Huobi BTC,HBTC,29338.12,0.0,0.0,0.0,0,263148210,263148210,-,0,2
Astar,ASTR,0.06,-0.1,-3.2,10.6,10839675,263118406,471277113,056,0,0
SingularityNET,AGIX,0.21,0.2,-1.9,1.7,28413038,261859450,426754233,061,0,0
Qtum,QTUM,2.49,-0.4,-3.4,-4.2,19830438,261489418,269077896,097,0,0
First Digital USD,FDUSD,1.0,0.0,0.4,0.0,35568880,260435540,260435540,100,0,0
NEM,XEM,0.03,-0.1,-1.4,-1.9,5067917,260061006,260061006,100,0,0
Convex Finance,CVX,3.18,0.4,1.1,-2.2,5872888,252962057,317655696,080,0,0
Chia,XCH,30.97,0.3,0.9,-1.1,6594435,252666012,901000065,028,0,0
Open Exchange Token,OX,0.07,5.9,14.7,4.2,4539767,252264301,658319810,038,0,0
Akash Network,AKT,1.16,-0.0,-2.5,65.6,2932975,252027084,451388926,056,0,0
ECOMI,OMI,0.0,-0.1,29.7,43.7,2266117,251018181,695489805,036,0,0
Celo,CELO,0.49,-0.3,-2.7,-3.9,9632238,247385587,486550248,051,0,0
Theta Fuel,TFUEL,0.04,-0.0,-1.3,-3.3,2098306,244629203,244629539,100,0,0
Zcash,ZEC,29.26,-0.4,-0.9,-1.5,19859133,242040619,614755192,039,0,0
FLOKI,FLOKI,0.0,-0.1,0.7,7.5,26369648,238774948,240101805,099,0,0
Oasis Network,ROSE,0.05,-0.4,-1.6,-0.0,6781810,236851174,470937270,050,0,0
Blur,BLUR,0.28,-0.5,-1.3,-7.5,14692118,235619743,835750236,028,0,0
Escoin,ELG,2.82,-0.1,-0.2,-0.9,470639,228752259,0,-,0,0
Ethereum Name Service,ENS,8.8,-0.4,-2.0,-5.5,7306967,226881284,879956679,026,0,0
Euro Tether,EURT,1.09,-0.1,-0.1,-0.4,1260781,224881506,436665653,051,0,0
Holo,HOT,0.0,-0.2,-2.0,-4.4,6085981,222557109,222557109,100,0,0
Decred,DCR,14.37,0.2,-2.2,-2.2,605543,221450016,301718514,073,0,0
Fetch.ai,FET,0.21,-0.5,-4.7,5.5,36152351,220052644,243152093,090,0,0
STEPN,GMT,0.2,-0.6,-1.8,-3.0,13076060,218791803,1199753918,018,0,0
Worldcoin,WLD,1.72,-0.9,-2.1,-12.0,31234727,216993468,17225646904,001,0,0
Ravencoin,RVN,0.02,-0.5,-1.8,-3.1,4842411,211402556,211399229,100,0,0
Kusama,KSM,23.26,-0.4,-2.1,2.6,12776854,209045562,232787615,090,0,0
Aleph Zero,AZERO,0.88,-0.4,-2.1,-5.5,733021,208970514,297710169,070,0,0
Beldex,BDX,0.04,0.1,-0.1,0.7,3367417,206972967,367747270,056,0,0
Audius,AUDIO,0.19,0.0,-2.6,-4.1,5663207,206147427,219941439,094,0,0
Unibot,UNIBOT,208.01,3.1,13.1,22.8,10733128,203851451,203851451,100,0,0
Golem,GLM,0.2,0.2,-1.2,0.3,6023477,203545041,203545041,100,0,0
yearn.finance,YFI,6124.85,-0.6,-2.1,-5.6,19777383,202497961,224682993,090,0,0
cDAI,CDAI,0.02,0.0,0.3,0.1,169553,200959750,200959750,100,0,0
JUST,JST,0.02,-0.1,-0.6,-1.1,23647234,199553390,221923254,090,0,0
ICON,ICX,0.21,-0.5,-2.5,-3.9,1272740,198946137,201180355,099,0,0
DeFiChain,DFI,0.27,-0.1,-1.2,-5.4,4378264,198693634,323782428,061,0,0
Livepeer,LPT,6.89,0.7,0.7,38.9,81189468,196573886,196573886,100,0,0
eUSD,EUSD,1.04,0.3,1.2,1.0,967035,194582706,194641223,100,0,0
Ankr Network,ANKR,0.02,-0.3,-2.0,-3.3,8253171,192665261,236025525,082,0,0
WEMIX,WEMIX,0.61,0.0,-0.5,1.3,1916155,192481889,596543704,032,0,0
Olympus,OHM,10.65,-0.1,0.3,-0.5,5059856,191136329,284106492,067,0,0
Terra,LUNA,0.54,-0.4,-2.3,-3.6,27187005,190168538,588145528,032,0,0
JasmyCoin,JASMY,0.0,-0.3,-4.5,-0.5,14694970,188617566,194772372,097,0,0
FINSCHIA,FNSA,26.54,-0.0,-1.7,-6.7,191417,187709619,26538943965,001,0,0
Waves,WAVES,1.87,-0.4,-1.3,-2.6,18733959,187503339,187503339,100,0,0
Baby Doge Coin,BABYDOGE,0.0,-0.2,-0.6,-0.4,839012,184700077,496871761,037,0,0
SXP,SXP,0.32,-0.4,-2.8,-2.3,6701316,184316664,184316875,100,0,0
EthereumPoW,ETHW,1.7,-0.2,-0.5,-1.8,4669507,184029450,184029064,100,0,0
BTSE Token,BTSE,1.13,0.0,2.4,-0.3,74465,182646229,225403601,081,0,0
cUSDT,CUSDT,0.02,0.0,-0.0,0.0,43541,179601498,179601498,100,0,0
Ribbon Finance,RBN,0.23,0.2,1.7,7.2,302970,179416596,234019034,077,0,0
Gains Farm,GFARM2,5000.3,0.0,0.0,0.0,0,179180231,179180231,-,0,0
Balancer,BAL,4.15,-0.7,-2.1,-3.7,5484864,176860120,399345340,044,0,0
Siacoin,SC,0.0,-0.2,-0.8,-2.8,2517899,175152836,0,-,0,0
HarryPotterObamaSonic10Inu (ETH),BITCOIN,0.17,3.7,17.3,70.6,14257543,171587956,171622597,100,0,0
Ontology,ONT,0.19,0.1,-2.0,2.5,10226894,170226939,190926662,089,0,0
SafePal,SFP,0.46,0.4,0.3,6.0,4542011,169730864,229495251,074,0,0
Aragon,ANT,4.21,-0.6,-3.9,-2.6,13153672,168578623,189904916,089,0,0
Magic,MAGIC,0.75,-0.0,-2.5,-1.0,20941256,167662443,261983317,064,0,0
Alchemix USD,ALUSD,0.99,0.1,-0.1,0.5,422961,167581993,167581993,100,0,0
IoTeX,IOTX,0.02,-0.3,-1.6,-0.2,2409784,167324906,168228633,099,0,0
tomiNet,TOMI,2.5,-0.1,-3.6,-18.6,15168741,165168694,282069170,059,0,0
Ronin,RON,0.67,-0.3,-1.7,-2.8,1259268,162882509,665249466,024,0,0
WAX,WAXP,0.05,0.0,-1.5,-2.2,1548120,161596168,182452505,089,0,0
Biconomy,BICO,0.25,-1.0,-4.4,8.6,3940489,159071905,254673775,062,0,0
Moonbeam,GLMR,0.22,-1.0,-2.7,-4.5,2581359,158375143,240126314,066,0,0
Marinade staked SOL,MSOL,27.78,-0.4,-0.5,2.2,1222226,157868978,157868978,100,0,0
DAO Maker,DAO,0.82,-0.7,1.5,0.6,515688,156013998,228184902,068,0,0
IOST,IOST,0.01,-0.3,-1.3,-3.9,4114947,155691540,748961349,021,0,0
Merit Circle,MC,0.34,0.5,-2.1,34.7,36712136,154338285,213082702,072,0,0
sETH2,SETH2,1826.25,0.1,-0.1,-0.6,5180448,152205950,152205950,100,0,0
Band Protocol,BAND,1.14,-0.2,-2.9,-8.3,9077070,152057190,157088411,097,0,0
Sushi,SUSHI,0.76,-0.4,-1.8,4.5,24263204,147667350,191488044,077,0,0
Ocean Protocol,OCEAN,0.34,-0.1,-3.5,-0.8,17119810,147462929,479055010,031,0,0
TerraClassicUSD,USTC,0.01,-0.5,1.3,-3.1,10353999,146482407,146563380,100,0,0
Gains Network,GNS,4.72,0.2,-1.7,-8.1,4512366,142823367,142823367,100,0,0
SwissBorg,CHSB,0.15,9.7,8.7,11.0,8142669,141573333,148749827,095,0,0
BORA,BORA,0.14,0.0,-1.0,-2.6,699229,139446285,169194826,082,0,0
Axelar,AXL,0.38,-0.6,-0.3,-1.4,14001805,138963587,416288272,033,0,0
aelf,ELF,0.3,0.0,2.8,6.4,9119504,138248842,263713569,052,0,0
Harmony,ONE,0.01,-0.1,-2.5,-4.5,11746350,138095498,147641418,094,0,0
TomoChain,TOMO,1.42,0.9,1.3,2.9,16159929,137859090,142383414,097,0,0
Krypton DAO,KRD,1.34,-0.0,1.1,-4.7,721740,137368538,13407416839,001,0,0
Bitcoin Avalanche Bridged (BTC.b),BTC.B,29302.5,0.2,-0.2,-1.4,3381838,135990157,135990157,100,0,2
STASIS EURO,EURS,1.09,-0.1,-0.1,-0.1,5462794,135969852,135969852,100,0,0
Amp,AMP,0.0,0.0,-1.7,-1.2,3659846,133350046,236266195,056,0,0
Core,CORE,0.87,-0.0,1.7,0.3,17392746,132940951,1818614213,007,0,0
Wrapped Beacon ETH,WBETH,1862.1,0.1,-0.2,-0.4,410041,132115739,132115739,100,0,0
Tribe,TRIBE,0.29,0.1,-2.2,-0.5,3795809,131405906,288794332,046,0,0
DigiByte,DGB,0.01,-0.6,-2.2,-3.8,2853319,127836999,163344209,078,0,0
Stargate Finance,STG,0.62,-0.2,-2.4,-1.4,16693204,127286999,622891724,020,0,0
SKALE,SKL,0.03,-0.6,-3.3,-5.5,8483116,125996532,188704220,067,0,0
Polymath,POLY,0.14,-0.5,2.1,-3.2,6910784,125672434,139861241,090,0,0
Hive,HIVE,0.34,-0.0,-1.5,-1.7,1457933,125654515,0,-,0,0
Kadena,KDA,0.52,-0.3,-1.6,-1.6,2244951,125145442,515725057,024,0,0
SSV Network,SSV,17.51,0.4,-3.7,-0.1,4969006,124043140,193913822,064,0,0
Bitkub Coin,KUB,1.4,0.1,2.0,2.6,363183,123843922,153323933,081,0,0
Flux,FLUX,0.39,-0.3,-3.1,-1.5,3565823,123835813,172227669,072,0,0
Kyber Network Crystal,KNC,0.67,-0.3,-1.0,2.9,37746703,121646811,168939392,072,0,0
Lisk,LSK,0.83,-0.3,-1.5,-1.7,1335518,120222076,0,-,0,0
UMA,UMA,1.59,-0.3,-2.3,-3.9,4717127,116813221,183048342,064,0,0
ORDI,ORDI,5.54,-0.8,-2.8,-1.3,14111814,116562331,116562331,100,0,0
Horizen,ZEN,8.21,-1.3,-5.7,-7.1,6249013,114958023,172247485,067,0,0
Cartesi,CTSI,0.15,-0.7,-2.8,2.9,4645162,112962252,151923957,074,0,0
LUKSO [OLD],LYXE,7.04,-0.5,-7.2,13.1,253239,109658894,704028555,016,0,0
Energy Web,EWT,2.31,0.4,-4.4,-8.8,847931,109381256,231252150,047,0,0
Open Campus,EDU,0.58,-0.2,-2.8,-2.8,6114315,108483712,578901411,019,0,0
Lido Staked SOL,STSOL,27.63,-0.4,-0.6,2.2,566118,107870945,107870810,100,0,0
Polymesh,POLYX,0.13,0.3,-1.9,-2.9,1746481,106655007,106655007,100,0,0
Everscale,EVER,0.06,-0.2,1.3,4.3,3441260,105627765,122511007,086,0,0
PlayDapp,PLA,0.19,-0.6,-0.7,7.7,10651283,105417377,131741452,080,0,0
Constellation,DAG,0.04,0.2,0.4,-6.3,171780,105314833,129573595,081,0,0
Synapse,SYN,0.55,-0.0,-2.3,-4.1,2300050,105101970,138206532,076,0,0
Blox,CDT,0.16,3.0,-8.5,-21.5,118778,104940126,155563837,067,0,0
Reserve Rights,RSR,0.0,-0.5,-5.7,-1.7,7110147,104780647,207076378,051,0,0
Murasaki,MURA,1.82,-0.0,-2.1,-2.2,596807,104247703,1816162073,006,0,0
Nervos Network,CKB,0.0,-0.4,-6.0,3.1,3272585,103546368,0,-,0,0
NuCypher,NU,0.07,0.1,-0.0,-5.1,197227,102416061,305746748,033,0,0
Centrifuge,CFG,0.28,-0.2,-0.6,-6.7,227113,101146202,125500120,081,0,0
GalleryCoin,GLR,0.42,0.0,-8.7,-7.7,5027059,101061425,838983447,012,0,0
Wrapped Centrifuge,WCFG,0.28,-0.5,-1.3,-7.3,103964,100841841,0,-,0,0
JOE,JOE,0.29,-0.8,-2.5,-6.8,4220720,100735127,147506779,068,0,0
Pundi X,PUNDIX,0.39,-0.0,-1.4,0.5,3741064,100229333,100229333,100,0,0
CoinEx,CET,0.03,-0.9,-1.2,4.0,288119,99772587,335060521,030,0,0
Kujira,KUJI,0.85,-0.6,-3.2,-2.8,280368,98805315,104339202,095,0,0
Status,SNT,0.02,-0.0,-1.3,-4.2,1519579,98259816,168829195,058,0,0
API3,API3,1.13,-0.6,-5.0,5.6,9039766,97939523,142592449,069,0,0
Metars Genesis,MRS,1.55,-0.1,0.0,-1.2,5464832,97467132,1550789696,006,0,0
Shardus,ULT,0.22,0.0,0.4,-12.5,80081,96948031,220558616,044,0,0
MiL.k Alliance,MLK,0.32,0.2,0.6,-1.7,4736708,95852781,412981834,023,0,0
Decentralized Social,DESO,9.04,-0.6,0.6,0.6,118401,95843401,98357171,097,0,0
HXRO,HXRO,0.16,0.0,-0.4,-1.7,735609,94942977,155545895,061,0,0
Function X,FX,0.14,0.0,0.4,-7.9,549949,92009172,272922827,034,0,0
STP,STPT,0.05,-0.6,-3.2,3.2,1293571,91765476,91765476,100,0,0
Ergo,ERG,1.24,-0.2,-1.4,4.0,532341,90345028,121730832,074,0,0
VVS Finance,VVS,0.0,-0.1,-0.5,-3.4,248381,90054892,243611457,037,0,0
Liquity,LQTY,0.96,-0.3,-1.7,-5.6,8314480,89451316,96148129,093,0,0
iExec RLC,RLC,1.23,-0.4,-4.0,-0.0,5683592,89261300,107287103,083,0,0
Telcoin,TEL,0.0,-0.6,-4.5,-6.9,373852,88829352,125674693,071,0,0
e-Radix,EXRD,0.06,-2.6,4.6,11.3,577840,88699400,1407236791,006,0,0
dKargo,DKA,0.03,-0.0,-2.6,-4.3,1227413,87970380,143781607,061,0,0
OriginTrail,TRAC,0.23,-0.5,-3.5,-4.8,989844,87211903,113913591,077,0,0
Agoric,BLD,0.15,0.2,-9.4,29.4,243676,86800320,182836712,047,0,0
Nano,XNO,0.64,-0.5,-1.9,-4.4,858059,85711392,85711392,100,0,0
Radiant Capital,RDNT,0.29,-0.2,-1.3,-2.0,10939874,85623262,287704429,030,0,0
Coin98,C98,0.15,-0.3,-6.2,-7.3,13440023,85430421,154392330,055,0,0
SafeMoon,SFM,0.0,1.0,-9.8,-4.9,1153283,85260425,152598621,056,0,0
BENQI Liquid Staked AVAX,SAVAX,13.36,-0.3,-1.0,-3.6,134006,84968689,84968689,100,0,0
IQ,IQ,0.01,-0.1,-0.6,-2.8,2243702,84873283,108712394,078,0,0
Nym,NYM,0.16,0.3,0.1,-10.7,631137,84393911,159701976,053,0,0
Metal DAO,MTL,1.3,-0.0,-1.3,-0.8,6814929,84074832,86617900,097,0,0
Alchemy Pay,ACH,0.02,-0.6,-2.5,-3.4,5157031,83512585,168927597,049,0,0
Swell Ethereum,SWETH,1884.02,0.1,-0.2,-0.6,300593,83440715,83440715,100,0,0
MVL,MVL,0.0,0.2,-0.3,-1.7,1906064,83146522,106357397,078,0,0
Bitgert,BRISE,0.0,-0.0,-4.3,-9.7,1345334,82793838,209240091,040,0,0
Linear,LINA,0.01,0.1,-0.4,6.1,14300706,82638949,149932420,055,0,0
Stride,STRD,0.95,0.3,2.1,12.3,4333126,82276514,94753789,087,0,0
Decimal,DEL,0.02,-0.5,0.1,9.0,595821,82269195,1612907460,005,0,0
Numeraire,NMR,13.05,-1.5,-1.4,-4.3,3432109,82118867,143700712,057,0,0
DeXe,DEXE,2.24,0.0,-0.8,0.3,1045756,81613894,215785092,038,0,0
Origin Ether,OETH,1839.95,0.2,-0.1,-0.5,1331713,81332730,81332730,100,0,0
Steem,STEEM,0.18,0.2,-1.4,-0.0,1924668,81235220,0,-,0,0
inSure DeFi,SURE,0.0,0.1,71.0,-5.8,553669,80831329,268788352,030,0,0
Orbs,ORBS,0.03,0.1,-1.6,-4.0,1132213,80670814,250726197,032,0,0
Vulcan Forged,PYR,3.38,0.4,0.6,9.0,17200587,80632998,168704515,048,0,0
Secret,SCRT,0.38,-0.8,16.4,13.7,9235403,80348814,0,-,0,0
Access Protocol,ACS,0.0,0.8,17.6,30.7,9414139,79711892,243702667,033,0,0
Medibloc,MED,0.01,-0.0,-0.7,-5.9,791813,79655951,116590220,068,0,0
Stella,ALPHA,0.1,-0.1,-1.1,-3.2,1978532,79652712,99815429,080,0,0
Quiztok,QTCON,0.01,-1.5,42.1,195.3,66102529,79292042,150279896,053,0,0
Radworks,RAD,1.58,-0.1,-2.4,-2.4,5489925,79026701,158595448,050,0,0
QANplatform,QANX,0.03,4.2,4.3,10.6,975916,78929454,116042562,068,0,0
Celer Network,CELR,0.01,-0.5,-2.7,-3.9,2917792,78520710,139086595,056,0,0
Astrafer,ASTRAFER,0.5,-0.3,-0.9,-2.3,708833,78473030,445151066,018,0,0
Kinesis Gold,KAU,61.25,-0.2,-0.3,-1.4,5972866,78065622,0,-,0,0
OMG Network,OMG,0.56,-0.6,-3.4,-3.9,17622796,77954840,77954840,100,0,0
Nerve Finance,NRV,0.0,0.1,0.1,-2.9,1583248,77747624,156256967,-,0,0
Dogelon Mars,ELON,0.0,-0.7,-2.3,-6.6,10880402,77667117,141302868,055,0,0
Kinesis Silver,KAG,22.58,-0.2,-0.3,-1.9,6754408,77074068,0,-,0,0
MaidSafeCoin,EMAID,0.18,0.9,0.3,-0.8,680193,76302113,0,-,0,0
World$tateCoin,W$C,0.08,-0.0,-0.9,-1.6,876575,75552821,81448298,093,0,0
Hermez Network,HEZ,4.51,0.3,-9.4,-1.8,2067861,75201719,85339994,088,0,0
Prom,PROM,4.11,0.1,-0.9,-2.3,1398127,75024516,79135448,095,0,0
StormX,STMX,0.01,-0.2,1.9,2.0,14575118,74857208,85065010,088,0,0
Marlin,POND,0.01,0.3,5.7,9.3,5137205,74384790,91976421,081,0,0
Wrapped NXM,WNXM,31.38,1.4,1.8,-0.0,1081036,74364624,74364624,100,0,0
Syscoin,SYS,0.1,-0.0,-2.0,-2.2,770265,74088361,77150627,096,0,0
RSK Infrastructure Framework,RIF,0.08,-0.1,-2.2,-1.4,413626,73677302,75693784,097,0,0
Bad Idea AI,BAD,0.0,-0.8,-5.3,66.0,7919529,73489339,121486979,060,0,0
My Neighbor Alice,ALICE,0.94,-0.5,-1.9,1.3,18247649,73036871,93843263,078,0,0
Ardor,ARDR,0.07,0.1,-1.0,-1.5,631898,72759955,72759955,100,0,0
Dent,DENT,0.0,0.1,-3.0,-4.7,2253973,72313535,75598312,096,0,0
SmarDex,SDEX,0.01,0.1,-1.2,2.1,833852,72302846,106144944,068,0,0
Wilder World,WILD,0.28,-0.3,-1.1,-1.5,289742,72187064,142039127,051,0,0
SPACE ID,ID,0.25,-0.4,-2.8,-7.2,7900602,72013580,503591470,014,0,0
Ankr Staked ETH,ANKRETH,2070.1,-0.1,-0.2,-0.4,336489,71089815,71089815,100,0,0
VeThor,VTHO,0.0,-0.1,-0.6,0.7,676881,70717151,0,-,0,0
Songbird,SGB,0.01,-0.0,-2.1,-10.3,280376,70531696,105733408,067,0,0
Dock,DOCK,0.02,-0.4,-1.5,2.7,520090,70448413,0,-,0,0
Echelon Prime,PRIME,3.11,0.6,10.3,65.2,3688006,70300858,345311558,020,0,0
Stratis,STRAX,0.46,-0.6,-1.6,-1.6,310782,70261105,0,-,0,0
Share,SHR,0.0,0.1,-3.1,-7.3,4609463,69453171,0,-,0,0
Tokamak Network,TON,1.43,0.0,-0.8,-0.8,652463,69070307,71772104,096,0,0
DODO,DODO,0.11,-1.0,-5.3,-13.4,23058015,68945814,111756008,062,0,0
Civic,CVC,0.09,0.3,-1.7,0.3,1698513,68612141,85551296,080,0,0
ChainX,PCX,0.09,-1.0,-6.9,5.8,322095,68530128,0,-,0,0
Doge Killer,LEASH,574.39,-14.1,0.2,6.8,4927276,68425793,68502575,100,0,0
Power Ledger,POWR,0.16,0.0,-2.1,0.5,3504599,68183560,158672364,043,0,0
Smooth Love Potion,SLP,0.0,-0.5,-1.3,0.7,5155145,67842691,0,-,0,0
XCAD Network,XCAD,1.58,-0.3,1.9,11.9,3682783,67708130,316232592,021,0,0
Hunt,HUNT,0.34,-0.1,-1.4,-1.4,1673995,67625569,67625569,100,0,0
Maverick Protocol,MAV,0.27,-1.6,-6.8,-12.3,4658424,67099654,536797230,013,0,0
Venus,XVS,4.38,0.3,0.6,-1.6,2466814,66676560,131546542,051,0,0
Gitcoin,GTC,1.09,-0.1,-2.9,3.6,16305679,66639977,109491103,061,0,0
Bancor Network,BNT,0.45,-0.4,-4.6,-19.3,1391391,66289453,66289453,100,0,0
VitaDAO,VITA,2.76,1.0,-1.5,-2.4,2059438,65715080,177408500,037,0,0
WINkLink,WIN,0.0,-0.3,0.4,1.8,18911058,65474011,68010814,096,0,0
Hashflow,HFT,0.37,0.9,-4.4,1.8,12665524,65472847,373641285,018,0,0
Verge,XVG,0.0,-0.3,-6.9,-6.9,6122681,65134405,65269071,100,0,0
NKN,NKN,0.1,-0.7,-5.1,-2.1,3908788,64371371,99032878,065,0,0
Metis,METIS,14.77,-0.1,-3.3,-10.9,1660590,64307330,147686228,044,0,0
Celsius Network,CEL,0.15,-1.4,-3.4,-2.9,461554,64225219,105079269,061,0,0
AVINOC,AVINOC,0.38,-0.7,-7.7,-2.3,9942473,64047006,383472379,017,0,0
Chromia,CHR,0.11,-0.7,-5.1,-5.1,6371953,63863978,111592483,057,0,0
Pendle,PENDLE,0.66,-0.2,-8.0,-8.7,13100519,63554232,169419457,038,0,0
QuarkChain,QKC,0.01,-0.0,-1.5,-6.2,833702,63165707,91802637,069,0,0
ConstitutionDAO,PEOPLE,0.01,-1.2,-3.8,-4.5,5051959,62833495,62833495,100,0,0
Clash of Lilliput,COL,0.77,0.1,0.0,-1.4,5558338,62825811,765473896,008,0,0
Stader MaticX,MATICX,0.71,-0.5,-2.9,-4.2,621811,62487651,7057154410,001,0,0
Keep Network,KEEP,0.11,-0.9,-1.4,-2.1,206906,62151629,113061281,055,0,0
Bifrost,BFC,0.04,-0.6,1.3,-0.3,630875,61614682,104758758,059,0,0
Xido Finance,XIDO,2.14,0.0,-0.5,-8.2,1164696,60696338,214365135,028,0,0
Concordium,CCD,0.01,-0.4,-0.4,-2.1,324534,60306473,97303350,062,0,0
Artificial Liquid Intelligence,ALI,0.02,0.2,1.0,-0.7,290102,60140999,167609410,036,0,0
Phala,PHA,0.1,1.1,-8.5,7.4,30074286,60009485,100756275,060,0,0
Yield Guild Games,YGG,0.32,-0.8,-1.3,-8.3,46810963,59654941,322241410,019,0,0
Beta Finance,BETA,0.08,-0.1,-2.0,-2.8,3015137,59036499,83434880,071,0,0
Request,REQ,0.08,-0.9,-1.2,-1.8,897963,59032171,76782541,077,0,0
Gelato,GEL,0.27,0.6,4.0,5.4,133633,58750376,112491542,052,0,0
Arkham,ARKM,0.39,-3.9,-8.9,-8.4,11258534,58360460,389069732,015,0,0
Covalent,CQT,0.1,-0.2,-3.0,-2.2,414904,58047072,95484715,061,0,0
COTI,COTI,0.05,-0.0,-3.9,-5.3,2664289,57627989,94529766,061,0,0
Mobox,MBOX,0.28,-0.3,-2.2,-4.5,1893559,57306318,276693407,021,0,0
Refereum,RFR,0.01,-0.6,-2.5,-3.5,8181130,56162638,57572162,098,0,0
Sun Token,SUN,0.01,0.5,7.3,8.0,26332231,56042919,116619028,048,0,0
REN,REN,0.06,-0.2,-2.9,-6.8,16130679,55934938,55934938,100,0,0
MovieBloc,MBL,0.0,-0.7,0.0,5.7,1640203,55894292,101633954,055,0,0
flexUSD,FLEXUSD,0.28,0.0,0.0,0.0,0,55864344,55864344,-,0,0
CANTO,CANTO,0.11,-0.4,-1.1,-1.5,1380565,55700989,106348764,052,0,0
Spell,SPELL,0.0,-0.5,-3.7,-1.5,5694260,55245424,97474981,057,0,0
UXD Protocol,UXP,0.01,0.2,-4.6,-12.8,2138749,55200964,97501276,057,0,0
World Mobile Token,WMT,0.13,-0.6,0.1,-9.2,437250,55037306,254902644,022,0,0
Mdex (HECO),MDX,0.06,-0.1,-0.5,-0.9,6892752,54973403,61322821,090,0,0
Sweatcoin (Sweat Economy),SWEAT,0.01,0.1,1.0,4.6,585884,54193727,157143050,034,0,0
SX Network,SX,0.11,0.2,0.1,-0.5,259998,54174756,110651054,049,0,0
Euro Coin,EUROC,1.09,-0.0,0.2,-0.1,2344412,54055984,54055984,100,0,0
Dynex,DNX,0.81,0.4,-15.2,-36.4,915809,53816033,80587169,067,0,0
Shentu,CTK,0.58,-0.9,-2.6,2.7,2158008,53711294,71155289,075,0,0
DUSK Network,DUSK,0.13,0.0,-5.3,3.1,13190235,53678666,125530536,043,0,0
Galxe,GAL,1.15,-0.1,-4.6,-5.5,8331878,53462251,229721227,023,0,0
Cyberconnect,CYBER,4.82,-2.0,-31.0,0.0,87746114,53113985,481192105,011,0,0
Marblex,MBX,0.88,0.2,-4.2,9.0,1319388,53006929,877410166,006,0,0
RSS3,RSS3,0.11,-0.0,-2.1,-18.9,2010596,52662572,107639392,049,0,0
Pocket Network,POKT,0.03,-0.5,-0.6,19.6,593833,52633372,55656042,095,0,0
Fidu,FIDU,0.77,0.0,-4.0,-6.7,2378804,52428820,52428820,100,0,0
Gomining Token,GMT,0.12,0.1,-1.5,-2.0,342096,52298083,52298083,100,0,0
Magic Internet Money,MIM,1.0,0.0,0.3,-1.8,1489303,52176753,171345512,030,0,0
ARK,ARK,0.3,-0.0,-2.7,5.4,10899662,52022806,0,-,0,0
XSGD,XSGD,0.74,0.0,-0.0,-0.8,7990520,51587987,51587987,100,0,0
WazirX,WRX,0.11,-0.3,-3.2,-7.2,678127,51397659,112586510,046,0,0
Coinweb,CWEB,0.02,-0.1,-3.6,-10.7,206784,51129300,122722020,042,0,0
Nest Protocol,NEST,0.01,2.3,7.9,4.9,896509,51047999,86089277,059,0,0
ARPA,ARPA,0.05,-0.5,-4.0,-4.6,7745977,50740795,103323371,049,0,0
DexTools,DEXT,0.54,-0.3,-0.1,-9.6,226080,50601636,73239420,069,0,0
Koda Cryptocurrency,KODA,0.0,0.0,0.0,0.0,0,50208210,1023807,-,0,0
DOLA,DOLA,0.99,-0.0,-0.1,0.1,1005248,49854825,62466061,080,0,0
Cobak,CBK,0.65,-0.1,-0.4,4.7,1997950,49544273,64808180,076,0,0
BOB,BOB,1.0,0.0,-0.1,-0.0,373899,49447776,0,-,0,0
Ultra,UOS,0.18,0.2,1.0,-1.3,1121243,49282536,182263345,027,0,0
r/CryptoCurrency Moons,MOON,0.46,-0.2,-4.8,7.1,495752,49271560,49784428,099,0,0
Sologenic,SOLO,0.12,-0.3,-3.3,-8.5,580259,49238144,49336976,100,0,0
FUNToken,FUN,0.0,-0.8,-1.7,-7.1,610986,49182366,51043115,096,0,0
Hooked Protocol,HOOK,0.97,0.2,-4.0,-1.4,6826332,48449889,484498894,010,0,0
Euler,EUL,2.59,-0.2,1.5,2.3,260533,48398054,70496720,069,0,0
Creditcoin,CTC,0.19,0.1,0.3,-1.7,18300997,48381559,384798658,013,0,0
XYO Network,XYO,0.0,-0.6,-0.7,-3.4,334061,48376120,48376120,100,0,0
TempleDAO,TEMPLE,1.04,-0.0,0.3,0.9,1224094,47716006,173856368,027,0,0
Dawn Protocol,DAWN,0.64,-0.1,-0.6,0.3,998346,47650084,49009173,097,0,0
Ecoin,ECOIN,0.0,0.0,-32.2,-33.5,2321,47437303,102873708,046,0,0
Adventure Gold,AGLD,0.61,-0.3,-4.0,-2.2,10001494,47285144,48949424,097,0,0
Aergo,AERGO,0.11,0.2,0.2,-0.2,772747,47210210,53647966,088,0,0
THORSwap,THOR,0.36,0.4,-14.4,297.3,2388077,47077522,164356793,029,0,0
Raydium,RAY,0.21,-0.3,-0.7,-0.8,2022084,47043307,116697606,040,0,0
AllianceBlock Nexera,NXRA,0.06,1.2,1.6,-0.3,296879,46956817,54013622,087,0,0
SOMESING Exchange,SSX,0.02,-0.4,-1.0,-2.5,440020,46705999,99175005,047,0,0
Gods Unchained,GODS,0.19,-2.2,11.7,15.6,1701085,46536036,97486920,048,0,0
Bytom,BTM,0.03,-0.1,-1.6,4.3,204845,46400487,54114230,086,0,0
Badger DAO,BADGER,2.35,-1.0,-9.6,7.1,35840409,46391018,49286261,094,0,0
Aavegotchi,GHST,0.9,0.1,-2.8,-4.2,1123219,46113231,47546967,097,0,0
ALEX Lab,ALEX,0.08,-1.0,-0.7,-3.7,282962,46110696,75260354,061,0,0
Pirate Chain,ARRR,0.23,-0.2,-1.8,12.3,3353242,45998316,46885914,098,0,0
Tenset,10SET,0.27,-0.1,-0.4,2.5,1722166,45991265,45991265,100,0,0
Rally,RLY,0.01,5.6,32.4,37.9,7957455,45984521,137626216,033,0,0
DFUK,DFUK,2.19,0.0,0.0,0.0,0,45964205,45964205,-,0,0
Boba Network,BOBA,0.13,-0.0,0.1,0.4,854555,45539067,66426354,069,0,0
COMBO,COMBO,0.64,-0.1,-2.8,-0.3,2496047,45348648,63824817,071,0,0
Voyager VGX,VGX,0.15,0.1,-1.3,-7.0,5223840,45228666,45228666,100,0,0
Origin Protocol,OGN,0.09,-0.5,-4.6,-6.9,20987914,45136270,89782640,050,0,0
Real USD,USDR,1.0,-0.1,0.0,0.2,413698,45114507,45114507,100,0,0
SuperRare,RARE,0.07,-0.7,2.2,-0.5,1565874,45073583,72985277,062,0,0
Verasity,VRA,0.0,-0.0,-0.3,-6.0,3020501,44662190,478256775,009,0,0
Strike,STRK,11.5,0.0,-1.4,0.4,2684091,44324524,75283673,059,0,0
Dero,DERO,3.49,0.1,1.1,-14.7,2085515,44269272,73331935,060,0,0
Firmachain,FCT,0.06,-0.1,0.1,6.0,4206502,44217071,46443873,095,0,0
Alien Worlds,TLM,0.01,-0.8,-7.4,5.2,9232399,44030489,120642726,036,0,0
Metadium,META,0.03,0.0,-1.4,-6.3,1209303,43527500,51592135,084,0,0
Axion,AXN,0.0,0.0,-0.4,0.2,26199,43431003,0,-,0,0
Acala,ACA,0.06,0.0,-4.1,-3.9,2300619,43260455,89729682,048,0,0
AirTor Protocol,ATOR,0.59,2.2,-0.3,12.0,127289,42516204,58424903,073,0,0
Morpheus Network,MNW,1.14,0.4,1.5,6.1,180511,42479533,54228323,078,0,0
Zignaly,ZIG,0.01,1.1,2.9,2.1,388223,42062845,147937959,-,0,0
Carry,CRE,0.0,0.6,5.4,-0.6,12889540,41981934,47615235,088,0,0
Bficoin,BFIC,22.02,0.1,-0.3,-10.0,455812,41549168,461712631,009,0,0
Vega Protocol,VEGA,0.78,-0.0,-2.5,-9.2,142942,41281757,50609388,082,0,0
Humans.ai,HEART,0.01,-0.6,-4.8,-5.9,211356,41201474,71344543,058,0,0
T-mac DAO,TMG,23.52,-0.0,12.5,54.0,7047113,41159225,23519556912,000,0,0
Moonriver,MOVR,5.43,1.3,4.9,6.4,2791291,40897132,59687715,069,0,0
CEEK Smart VR,CEEK,0.05,-1.1,0.3,-1.4,5889626,40635708,48915935,083,0,0
Storj,STORJ,0.28,-0.6,-2.8,-3.2,11475500,40620003,120062653,034,0,0
Maple,MPL,5.1,-0.2,-4.2,-12.4,588445,40546551,51200567,079,0,0
ThunderCore,TT,0.0,-0.0,-0.9,-1.6,2261010,40523659,40523659,100,0,0
Loom Network (OLD),LOOMOLD,0.05,0.9,1.3,-1.2,119267,40396194,48441646,083,0,0
sUSD,SUSD,1.0,0.0,-0.0,0.0,213371,40390192,40390192,100,0,0
Aura Finance,AURA,1.19,-0.1,0.5,-5.2,236325,40378148,118403185,034,0,0
IDEX,IDEX,0.05,-0.1,-3.1,-0.4,2810804,40006156,52564863,076,0,0
Bella Protocol,BEL,0.67,-0.0,-1.1,2.0,1490096,39903866,67065320,060,0,0
TrueFi,TRU,0.04,0.0,-4.2,2.8,2092387,39850066,44751974,089,0,0
Osaka Protocol,OSAK,0.0,-3.6,4.0,95.7,790314,39797608,52262125,076,0,0
BiLira,TRYB,0.04,1.1,0.5,0.2,105907,39513114,39513114,100,0,0
Wanchain,WAN,0.2,0.8,-0.3,-0.5,1077715,39315708,41925612,094,0,0
Meter Governance,MTRG,1.82,-0.9,-0.3,0.1,2881059,39227091,81827320,048,0,0
SuperVerse,SUPER,0.1,-0.7,-0.2,5.2,21757101,39168283,96308592,041,0,0
KILT Protocol,KILT,0.31,-1.3,-1.9,-12.0,8232660,39045395,91355843,043,0,0
Orchid Protocol,OXT,0.07,-0.5,-7.6,-3.1,15091482,38849519,65674693,059,0,0
Destablecoin HAY,HAY,1.0,0.0,0.0,-0.0,393139,38670585,43981080,088,0,0
Zebec Protocol,ZBC,0.01,0.1,9.4,29.0,13772864,38084998,115322203,033,0,0
NvirWorld,NVIR,0.04,-0.8,4.3,56.7,798620,38003109,379511294,010,0,0
Hifi Finance,HIFI,0.37,0.5,0.3,16.4,2047474,37962530,43913995,086,0,0
Kin,KIN,0.0,-0.7,-10.2,-4.1,485381,37859293,37859293,100,0,0
Aura BAL,AURABAL,11.77,0.1,0.1,-1.2,1120426,37849533,37849533,100,0,0
Hifi Finance [OLD],MFT,0.0,0.0,0.0,0.0,0,37520700,39972822,-,0,0
A Hunters Dream,CAW,0.0,0.1,-2.1,-14.8,1056373,37384796,39146384,096,0,0
Perpetual Protocol,PERP,0.51,-1.4,-0.7,-1.9,4123898,37279807,77013932,048,0,0
Radio Caca,RACA,0.0,-0.3,-0.7,-5.2,2136599,36985649,55126013,067,0,0
HyperCash,HC,0.06,0.2,-4.9,-0.8,4368471,36981427,0,-,0,0
Evmos,EVMOS,0.07,-2.3,-3.6,-5.8,944367,36895414,67196714,055,0,0
Gas,GAS,2.62,-0.2,0.1,-1.5,5302996,36623396,262813710,014,0,0
LCX,LCX,0.05,-0.4,-0.5,2.2,1882566,36383965,44597826,082,0,0
Electroneum,ETN,0.0,0.2,-1.3,-0.6,760107,36352024,42590484,085,0,0
Uquid Coin,UQC,3.56,0.0,0.2,3.5,1863649,35640800,142563200,025,0,0
Star Atlas DAO,POLIS,0.16,-2.3,3.3,38.1,296692,35476630,58938539,060,0,0
Bean,BEAN,1.0,0.0,0.1,0.0,499522,35265342,35265850,100,0,0
Mossland,MOC,0.09,0.0,-1.7,1.9,1284359,35151260,44105608,080,0,0
Snowbank,SB,219.81,0.0,-0.1,-1.0,242517,35090524,35090524,100,0,0
BitMEX,BMEX,0.35,0.0,-1.7,2.5,3377437,35062400,158176240,022,0,0
Reef,REEF,0.0,-0.1,-3.7,-2.4,9690364,35032040,35032040,100,0,0
Persistence,XPRT,0.2,0.1,0.3,-14.9,388798,34962458,79933692,044,0,0
Fei USD,FEI,1.0,0.1,-0.1,1.0,2034269,34874949,35133894,099,0,0
Victoria VR,VR,0.01,-0.2,-0.5,-6.6,455070,34689595,134580905,026,0,0
UwU Lend,UWU,16.35,0.0,0.0,0.0,0,34682471,261677971,-,0,0
SingularityDAO,SDAO,0.41,-0.1,0.2,-1.8,834727,34608262,41009947,084,0,0
Chainge Finance,CHNG,0.08,0.4,-1.5,-1.8,7872777,34594355,65397644,053,0,0
Premia,PREMIA,0.54,-0.9,11.1,6.0,164290,34048447,53725447,063,0,0
Seedify.fund,SFUND,0.67,0.5,-4.4,-8.1,2324339,34038232,66593771,051,0,0
Guild of Guardians,GOG,0.08,-1.6,8.7,15.4,657148,33690748,83664366,040,0,0
Dust Protocol,DUST,0.96,-4.6,-37.2,-61.0,2239697,33617746,33619948,100,0,0
Refinable,FINE,0.0,-1.6,-2.4,0.5,140551,33475832,0,-,0,0
Bluzelle,BLZ,0.08,0.2,-14.6,54.9,54029696,33402937,40747607,082,0,0
0x0.ai: AI Smart Contract,0X0,0.04,1.0,-13.2,15.0,652006,33352824,37422524,089,0,0
Groestlcoin,GRS,0.4,-0.2,-1.1,11.3,7265963,33329523,42070246,079,0,0
Flamingo Finance,FLM,0.07,-0.7,-3.2,-1.6,1557008,33319657,33319657,100,0,0
Multichain,MULTI,1.72,-0.0,-3.3,-1.5,1468441,33253978,171737209,019,0,0
Telos,TLOS,0.09,-0.1,1.1,-1.3,1039176,33251545,33501251,099,0,0
Sommelier,SOMM,0.14,-1.1,-13.8,19.6,9929757,33169955,72164877,046,0,0
Automata,ATA,0.08,-0.5,-5.2,-2.4,5450095,33123242,82572728,040,0,0
Bit2Me,B2M,0.01,0.0,-2.0,-2.9,405087,33052650,35058784,094,0,0
AscendEx,ASD,0.04,-0.4,-0.3,-6.1,3418258,32953080,32953080,100,0,0
Efinity,EFI,0.05,0.8,2.6,1.5,892071,32835380,100909392,033,0,0
MUX Protocol,MCB,8.63,0.0,-1.4,-16.7,1940080,32832113,41465003,079,0,0
Redacted,BTRFLY,148.74,0.4,4.8,4.8,237674,32528992,96698625,034,0,0
IRISnet,IRIS,0.02,0.1,-0.3,1.0,1098103,32419395,41985376,077,0,0
BakerySwap,BAKE,0.11,-0.5,-6.2,16.7,91245781,32298661,31015716,104,0,0
SelfKey,KEY,0.01,0.2,-2.6,-0.2,2813200,32236633,32236633,100,0,0
dForce USD,USX,1.0,-0.1,-0.1,-1.2,2681099,32210211,161113987,020,0,0
Unizen,ZCX,0.05,-0.0,-2.1,-5.3,619976,32103799,54435051,059,0,0
Biswap,BSW,0.09,0.5,2.3,-1.0,21858582,31799263,59671747,053,0,0
Litentry,LIT,0.69,-0.6,-3.9,1.5,7211738,31544483,68837796,046,0,0
Komodo,KMD,0.22,-0.2,-1.0,-2.0,1301920,31171389,44970508,069,0,0
PLEX,PLEX,0.09,-0.0,-7.0,-12.1,186396,31126094,38002473,082,0,0
TokenPocket Token,TPT,0.01,-0.0,0.5,-2.0,3444526,31098774,52930917,059,0,0
Oraichain,ORAI,2.3,-0.1,-6.4,7.0,680284,31076173,45508845,068,0,0
PlatON Network,LAT,0.01,0.1,-3.9,-6.8,794967,31008796,75486918,041,0,0
Bounce,AUCTION,4.74,-0.7,-4.8,-10.4,3730681,30841851,47448855,065,0,0
Phoenix Global [OLD],PHB,0.01,0.0,0.0,7.5,544845,30753451,30801672,100,0,0
Ethernity Chain,ERN,1.6,-0.2,0.9,1.2,1371655,30701926,48032531,064,0,0
Nakamoto Games,NAKA,0.47,0.1,1.9,-3.7,2148300,30673769,84963297,036,0,0
Polkastarter,POLS,0.31,-0.1,-1.7,-0.7,2044714,30648547,30864155,099,0,0
Saitama,SAITAMA,0.0,-0.1,-0.1,-5.6,421169,30600624,68439656,045,0,0
Utrust,UTK,0.06,-0.6,-3.8,-3.1,1295780,30450939,32394616,094,0,0
Elastos,ELA,1.42,-0.1,-1.1,6.1,296053,30406783,40163994,076,0,0
MELD,MELD,0.02,-0.6,-4.5,-5.1,532710,30392254,63797098,048,0,0
Taraxa,TARA,0.01,-3.6,-12.5,-13.0,2387687,30375649,80690495,038,0,0
Tellor Tributes,TRB,12.19,0.1,-2.4,3.9,5058753,30311306,30497197,099,0,0
Verus Coin,VRSC,0.44,0.6,3.6,-3.5,533200,30238049,36425049,083,0,0
Unifi Protocol DAO,UNFI,4.34,-2.3,4.7,20.9,34344693,30236191,43927251,069,0,0
MOON (Ordinals),MOON,0.3,0.0,-0.0,1.5,968652,30035128,30035128,100,0,0
Bolide,BLID,0.01,0.3,-20.2,-14.5,6350927,29957881,142563679,021,0,0
Travala.com,AVA,0.57,0.4,-2.3,-2.8,1388586,29949623,35067582,085,0,0
cBAT,CBAT,0.0,0.0,-2.0,-2.6,674794,29863759,29863759,100,0,0
Tectonic,TONIC,0.0,-0.2,-0.5,-10.2,3349122,29784411,64792310,046,0,0
Forta,FORT,0.13,0.4,-1.1,-2.2,551024,29722498,126013441,024,0,0
Pluton,PLU,7.24,-0.4,-3.2,-8.8,414242,29710138,144921029,021,0,0
Cortex,CTXC,0.14,-0.5,-2.0,-2.0,4833861,29651792,41480043,071,0,0
Frax Price Index Share,FPIS,1.44,0.0,-1.6,-2.9,0,29483203,143752458,021,0,0
Coinmetro,XCM,0.1,0.1,-9.8,11.0,236772,29401276,31977051,092,0,0
tBTC,TBTC,28128.42,-3.4,-2.0,-3.3,698353,29382896,29369166,100,0,2
AhaToken,AHT,0.01,0.1,-1.3,-4.7,1125577,29358442,77393849,038,0,0
Router Protocol,ROUTE,2.34,0.1,-0.3,-11.9,1116528,29156766,46730138,062,0,0
Altura,ALU,0.04,-0.9,-1.7,-0.6,278774,28942788,39809878,073,0,0
Globiance Exchange,GBEX,0.0,0.4,-5.4,-27.9,195752,28551923,37731563,076,0,0
INSTAR,INSTAR,0.02,0.0,0.0,0.0,0,28520817,0,-,0,0
LooksRare,LOOKS,0.05,-0.2,-2.7,-7.6,2022663,28329630,51995611,054,0,0
sETH,SETH,1839.85,0.1,0.2,-0.5,992,28274573,28274573,100,0,0
R,R,0.99,0.0,0.0,-0.2,4585531,28225910,28225910,100,0,0
Steem Dollars,SBD,2.28,-0.3,-0.8,-1.8,709178,28190321,0,-,0,0
Lybra Finance,LBR,2.11,-5.2,-12.0,84.3,4576019,28170717,210864596,013,0,0
Adshares,ADS,0.72,-0.4,-1.1,-7.3,266200,28109744,28114234,100,0,0
FC Barcelona Fan Token,BAR,2.68,-0.5,-1.9,-2.5,2361596,27944343,106921579,026,0,0
Measurable Data,MDT,0.05,0.1,-0.0,1.6,4283415,27704812,45693403,061,0,0
Phoenix,PHB,0.63,0.3,-4.3,7.8,5846183,27669188,27669188,100,0,0
WAGMI Games,WAGMIGAMES,0.0,1.4,-0.6,-6.3,513659,27643301,33700524,082,0,0
CargoX,CXO,0.17,0.0,-1.0,-0.5,27677,27625175,35550940,078,0,0
Ampleforth Governance,FORTH,2.9,-0.2,0.1,-1.3,5802912,27617897,44403189,062,0,0
League of Kingdoms,LOKA,0.24,-0.9,-3.3,0.3,2392677,27572628,43671413,063,0,0
DIA,DIA,0.25,-0.5,-2.4,-1.1,5582730,27562824,49834426,055,0,0
Cudos,CUDOS,0.0,-1.8,26.7,43.1,1100763,27366845,45341300,060,0,0
GXChain,GXC,0.36,1.4,17.5,13.6,1816422,27316909,36422546,075,0,0
BarnBridge,BOND,2.92,-0.8,-2.4,0.4,1865460,27297488,29363849,093,0,0
Alpha Quark,AQT,1.02,-0.3,-1.3,1.6,992456,27234158,30668193,089,0,0
Hydranet,HDN,0.16,-0.6,7.6,63.3,180906,27223123,47320468,058,0,0
BitShares,BTS,0.01,-0.2,0.6,0.7,924992,27096312,35998202,075,0,0
Lyra Finance,LYRA,0.06,0.0,-0.9,4.8,1971373,26879179,63525926,042,0,0
Beefy,BIFI,335.18,-0.4,-3.0,2.1,207993,26811815,26811815,100,0,0
Cornucopias,COPI,0.03,-0.0,-5.0,-6.5,290913,26797556,132026480,020,0,0
The Virtua Kolect,TVK,0.02,-0.2,-2.3,-0.9,2863564,26733916,29861095,090,0,0
LTO Network,LTO,0.06,0.0,-4.6,-1.9,2585565,26680556,31907999,084,0,0
Keep3rV1,KP3R,54.14,-0.4,-0.6,1.5,1948428,26542610,26542610,100,0,0
H2O Dao,H2O,0.12,0.0,-0.1,-1.4,175963,26396714,117286265,023,0,0
Enzyme,MLN,18.04,-0.0,0.4,1.0,177424,26239044,42766431,061,0,0
MAI,MIMATIC,0.95,-0.0,-0.1,-0.1,325745,26158407,289759377,009,0,0
RocketX exchange,RVF,0.34,0.2,-0.0,4.8,1735502,26055927,34012303,077,0,0
cUNI,CUNI,0.13,0.0,-0.1,5.1,818771,25917603,25917603,100,0,0
Poollotto.finance,PLT,1.97,-0.2,0.4,-2.2,142607,25709925,37962051,068,0,0
Unidef,U,0.0,-0.0,-0.1,4.7,9848182,25709613,147756456,017,0,0
0xBitcoin,0XBTC,2.37,0.0,0.0,0.0,0,25697903,49799875,-,0,0
Dione,DIONE,0.0,0.1,9.3,1.1,912069,25673448,27070584,095,0,0
Dream Machine Token,DMT,42.5,-2.7,0.3,7.7,1523969,25565038,42504759,060,0,0
Nexa,NEXA,0.0,-4.7,-10.6,-24.7,4330305,25353411,156391287,016,0,0
Milady Meme Coin,LADYS,0.0,0.2,-3.3,9.8,1868569,25275481,25275481,100,0,0
Overnight.fi USD+,USD+,1.0,-0.0,-0.1,0.1,2835287,25100841,24940300,101,0,0
Quickswap,QUICK,0.05,-0.2,0.1,-0.6,1586678,25068493,47299044,053,0,0
LeverFi,LEVER,0.0,0.9,2.1,9.1,15837259,25011601,47463173,053,0,0
Findora,FRA,0.0,-1.0,-6.3,-0.7,982755,24925044,58005509,043,0,0
Rich Quack,QUACK,0.0,-0.5,1.7,0.5,140848,24916771,56739654,044,0,0
Alchemix,ALCX,13.04,-1.0,-1.3,3.0,871582,24848125,31259249,079,0,0
Ampleforth,AMPL,1.08,0.0,0.2,-3.0,194120,24679690,30297057,081,0,0
Onyxcoin,XCN,0.0,0.1,-0.5,-3.0,1538368,24623726,47734842,052,0,0
BENQI,QI,0.01,0.4,2.2,0.7,588878,24396928,45670946,053,0,0
BeNFT Solutions,BEAI,14.31,-0.4,6.6,-17.8,310305,24308957,100087120,024,0,0
Dejitaru Tsuka,TSUKA,0.02,0.0,-0.9,2.7,166513,24158275,24158275,100,0,0
Orion Protocol,ORN,0.7,-1.5,6.2,4.3,5361412,24072346,69910534,034,0,0
HELLO,HELLO,0.05,-0.3,3.6,10.9,255211,24054749,45274833,053,0,0
Sai,SAI,8.23,0.0,0.0,0.0,0,23801257,23801257,-,0,0
SpaceN,SN,0.59,1.4,-1.4,29.0,2427318,23697002,592276993,004,0,0
MELD [OLD],MELD,0.02,-1.1,-3.8,-3.3,437998,23636207,63798241,037,0,0
TROY,TROY,0.0,-0.1,-0.2,0.5,904683,23516404,25084164,094,0,0
StakeWise,SWISE,0.08,-0.4,-0.3,-2.7,581208,23508276,84648424,028,0,0
StrikeX,STRX,0.03,0.1,-1.8,-9.4,3772975,23439005,29170286,080,0,0
DFI.money,YFII,584.79,-0.6,-19.6,-22.3,40944243,23305025,23462156,099,0,0
Velas,VLX,0.01,-0.1,-1.4,-2.8,496986,23137225,23137225,100,0,0
Aurora,AURORA,0.07,-0.4,-3.1,0.8,507666,22989775,68712090,033,0,0
Alpaca Finance,ALPACA,0.15,1.5,0.5,-0.8,1708449,22930424,28550224,080,0,0
Hourglass,WAIT,0.23,0.2,2.8,0.4,101390,22536298,23005677,098,0,0
GuildFi,GF,0.06,0.5,-1.1,4.8,631030,22532239,60342274,037,0,0
Instadapp,INST,1.25,0.1,-0.9,-1.8,6470372,22413295,124890550,018,0,0
REI Network,REI,0.02,-0.2,0.9,1.0,4450531,22350042,23212809,096,0,0
Klever,KLV,0.0,-0.9,-2.0,-2.4,943785,22338457,24747214,090,0,0
GHO,GHO,0.97,0.1,-0.7,-1.1,1793588,22265696,22267446,100,0,0
Platypus USD,USP,0.34,0.0,0.0,0.0,0,22186336,22186336,-,0,0
EverGrow Coin,EGC,0.0,0.1,-0.3,-3.5,1592244,22077623,47494448,046,0,0
Clover Finance,CLV,0.04,-0.4,-2.2,0.9,3278137,22007364,37723369,058,0,0
Manchester City Fan Token,CITY,3.41,-0.3,0.4,1.1,7553485,21982881,68160759,032,0,0
Alpine F1 Team Fan Token,ALPINE,1.93,-0.6,-3.3,-3.6,895598,21975770,77379473,028,0,0
Kishu Inu,KISHU,0.0,-0.5,-1.5,1.1,154125,21961951,0,-,0,0
Sentinel Protocol,UPP,0.07,0.0,-2.5,-3.6,3787050,21904930,33382129,066,0,0
ONBUFF,ONIT,0.03,0.1,4.2,-1.0,1139553,21888532,22451613,097,0,0
Veno Finance,VNO,0.1,0.3,1.2,-1.7,3990076,21721647,209706989,010,0,0
Shina Inu,SHI,0.0,-0.7,-3.5,2.8,249809,21716526,30905734,070,0,0
Metahero,HERO,0.0,0.2,-4.5,-4.2,629907,21689222,27572635,079,0,0
Yuan Chain Coin,YCC,0.0,0.1,-6.8,-27.8,680,21654932,43645812,050,0,0
Stader,SD,0.75,0.1,0.1,-2.2,889241,21594005,112563250,019,0,0
Mog Coin,MOG,0.0,1.3,34.7,145.9,3556397,21566547,23229708,093,0,0
Star Atlas,ATLAS,0.0,-0.3,2.1,4.5,1594078,21552246,57966510,037,0,0
Sidus,SIDUS,0.0,-0.3,-0.8,1.6,558236,21409921,29161733,073,0,0
Petals,PTS,0.0,-0.2,-0.1,26.5,1228513,21353158,151173025,014,0,0
Goldfinch,GFI,0.38,-0.1,-0.9,-2.3,6847434,21328947,43959643,049,0,0
MXC,MXC,0.01,-0.8,0.9,3.8,774910,21290224,23279845,091,0,0
Firo,FIRO,1.67,-0.2,-1.5,-1.6,378463,21191410,35710908,059,0,0
Everdome,DOME,0.0,-0.2,2.4,-4.5,292107,21190163,97526941,022,0,0
Crust Network,CRU,0.83,0.9,1.8,1.7,684520,21120421,23951448,088,0,0
Bonfida,FIDA,0.21,0.6,-2.8,-3.3,3454665,21069461,207607290,010,0,0
Contentos,COS,0.01,-0.8,-1.6,-1.1,2209304,21062284,50208247,042,0,0
Dopex,DPX,79.96,0.2,-1.5,-9.2,434913,21015335,39938192,053,0,0
MEVFree,MEVFREE,0.37,-0.3,4.8,1.8,318924,20993778,37488889,056,0,0
Orca,ORCA,0.88,-1.1,-5.1,4.0,118547,20937678,88269869,024,0,0
Quantum Resistant Ledger,QRL,0.27,8.3,11.0,42.1,6523425,20922721,28372396,074,0,0
NuNet,NTX,0.04,-2.8,-6.0,-20.1,110501,20844613,37442190,056,0,0
VEED,VEED,0.0,-0.7,4.7,-8.3,9434381,20742986,372648046,006,0,0
district0x,DNT,0.03,0.4,2.4,1.1,487189,20701070,27556539,075,0,0
Vaiot,VAI,0.08,0.2,-4.1,-1.5,414514,20632496,30945030,067,0,0
Decentral Games,DG,0.03,-1.6,-4.4,-11.2,135154,20563740,28730928,072,0,0
UFO Gaming,UFO,0.0,-0.3,-0.4,-2.0,9193158,20561033,20561033,100,0,0
GPEX,GPX,0.32,3.7,3.5,17.8,138076,20491001,320132112,006,0,0
Saito,SAITO,0.01,-0.6,-0.8,-6.0,6371580,20392736,93609215,022,0,0
Tap,XTP,0.01,0.9,-0.7,-11.9,7541312,20366084,53914447,038,0,0
Nuls,NULS,0.2,-0.2,-2.6,-2.2,881305,20360271,41267696,049,0,0
Yield App,YLD,0.09,0.2,-3.6,0.5,344081,20354905,27501038,074,0,0
Stader ETHx,ETHX,1838.36,0.0,0.0,0.0,0,20275934,20275934,-,0,0
0x Protocol,ZRX,0.22,-0.6,-3.0,0.0,14439841,20161807,260642807,008,0,0
AdEx,ADX,0.14,-0.5,-1.3,0.5,2175271,20152713,21204821,095,0,0
ParaSwap,PSP,0.03,0.0,-0.5,-3.1,150269,20066196,53704494,037,0,0
Manifold Finance,FOLD,11.95,1.6,-3.9,-13.5,108966,19899024,23905636,083,0,0
Mango,MNGO,0.02,-0.4,-1.4,-1.0,191425,19878742,86282832,023,0,0
xExchange,MEX,0.0,-0.4,-1.7,-7.0,2018958,19865129,41291983,048,0,0
JPEG'd,JPEG,0.0,-0.4,1.4,-7.3,222817,19770950,37037952,053,0,0
PAAL AI,PAAL,0.03,0.4,3.4,58.3,734998,19758942,30354222,065,0,0
KardiaChain,KAI,0.0,0.1,-3.9,-4.5,129823,19751954,20756572,095,0,0
RAMP [OLD],RAMP,0.05,0.1,1.5,12.0,1285362,19685293,47900544,041,0,0
Serum,SRM,0.05,4.0,-26.1,-31.0,22910033,19671046,536177557,004,0,0
Thales,THALES,0.42,0.2,-0.6,-9.2,143259,19583366,42331030,046,0,0
Qredo,QRDO,0.05,-0.4,-3.4,-17.7,413104,19552236,103625097,019,0,0
Bitcicoin,BITCI,0.0,-0.1,-0.1,-0.7,1625853,19448327,254078689,008,0,0
HAVAH,HVH,0.03,0.0,0.7,30.9,423268,19425559,285181985,007,0,0
Solend,SLND,0.54,1.3,-9.2,29.1,6432366,19380876,54493147,036,0,0
Tranchess,CHESS,0.16,-0.3,4.2,9.0,5618296,19306131,46902197,041,0,0
Ternoa,CAPS,0.01,0.7,1.2,-0.4,600222,19305847,36814366,052,0,0
MAP Protocol,MAP,0.01,-0.4,-2.6,-1.2,173036,19255885,86402685,022,0,0
Maro,MARO,0.02,1.2,6.7,2.1,1425854,19248665,22009134,087,0,0
Radiant,RXD,0.0,-1.5,-7.5,-26.1,9267280,19162057,57899878,033,0,0
xSUSHI,XSUSHI,1.04,-0.5,-1.3,5.5,3935924,19115948,19115948,100,0,0
BitMart,BMX,0.11,0.1,-0.3,-1.0,1997996,19089339,96011741,020,0,0
Propy,PRO,0.33,0.1,-2.3,-4.1,330582,19061240,32922905,058,0,0
Origin Dollar,OUSD,1.0,0.0,-0.1,0.1,3113640,18994166,18994166,100,0,0
TOKPIE,TKP,0.24,-0.3,-0.4,-0.2,5672540,18908774,23846458,079,0,0
Voxies,VOXEL,0.16,-1.6,-1.0,5.1,4402639,18777523,46921164,040,0,0
Stake DAO,SDT,0.36,0.1,-0.1,4.0,4977,18681121,35563098,053,0,0
Interest Compounding ETH Index,ICETH,1968.74,0.1,-0.0,-0.4,7663668,18652650,18652650,100,0,0
BTU Protocol,BTU,0.23,0.1,85.6,-0.7,1998,18619087,23273858,080,0,0
DXdao,DXD,789.45,10.6,-0.2,-0.2,1262717,18528504,117611782,016,0,0
DeRace,DERC,0.17,0.1,-0.4,-6.9,251945,18510821,20694043,089,0,0
dForce,DF,0.04,0.3,4.5,7.8,3364555,18452057,38757051,048,0,0
Dopex Rebate,RDPX,13.58,0.3,-2.7,-4.2,171132,18450191,28584975,065,0,0
Railgun,RAIL,0.32,-3.0,-2.9,6.0,5983897,18319629,31860224,058,0,0
Talken,TALK,0.09,-0.3,-1.6,-9.0,4123735,18310942,45068698,041,0,0
Fantohm,FHM,6.23,-0.1,-28.9,4.2,741123,18308414,14086132,130,0,0
RFOX,RFOX,0.01,-0.5,-3.5,-11.7,443485,18307972,20196053,091,0,0
Image Generation AI,IMGNAI,0.02,-0.3,6.1,53.7,305210,18227307,23452731,078,0,0
Advertise Coin,ADCO,0.4,0.1,-0.2,-0.5,720984,18217027,20241141,090,0,0
Tokocrypto,TKO,0.24,0.0,-1.3,-1.3,1875772,18198226,121321506,015,0,0
Ethereum Meta,ETHM,0.0,0.0,0.0,0.0,0,18090558,18090558,-,0,0
Shiba Predator,QOM,0.0,-0.3,0.2,-9.0,108214,18063424,30105707,060,0,0
Streamr,DATA,0.02,-0.1,-3.6,-1.2,820340,18009412,46953196,038,0,0
Koinos,KOIN,0.6,1.2,-3.5,14.9,5118509,17974556,17975862,100,0,0
SnailBrook,SNAIL,0.0,0.1,0.2,-1.9,283007,17907823,22280890,080,0,0
Velo,VELO,0.0,-0.1,0.9,-4.9,3243353,17808531,57831776,031,0,0
AirSwap,AST,0.1,-0.5,-2.5,-4.3,372771,17787770,49984964,036,0,0
ArbDoge AI,AIDOGE,0.0,0.0,7.3,10.8,5625554,17692699,20264935,087,0,0
Proton,XPR,0.0,1.2,4.5,1.1,1076799,17571570,25103352,070,0,0
Kepple [OLD],QLC,0.03,0.0,5.9,1.5,1025,17565679,17565679,100,0,0
Gamium,GMM,0.0,0.3,-2.9,0.9,237700,17536999,17960499,098,0,0
FUSION,FSN,0.23,0.1,-2.9,-1.6,129219,17368843,19135938,091,0,0
IX,IXT,0.21,0.0,-7.0,-18.6,123811,17362259,31516905,055,0,0
Wing Finance,WING,4.88,-0.3,-2.1,-0.4,2085224,17316908,24471176,071,0,0
Paris Saint-Germain Fan Token,PSG,3.6,-0.1,-0.7,-4.4,2113423,17307530,71513922,024,0,0
JUNO,JUNO,0.22,0.1,-0.9,-6.8,6934701,17270981,40307701,043,0,0
GameFi,GAFI,2.07,-0.1,-10.3,-12.0,139905,17253647,30935169,056,0,0
HOPR,HOPR,0.05,-0.1,1.1,4.7,261221,17197889,46552631,037,0,0
Kava Lend,HARD,0.13,-0.1,-0.6,1.5,2001464,17197222,25516744,067,0,0
Lazio Fan Token,LAZIO,2.15,-0.3,-2.0,-4.4,1112809,17187067,86162386,020,0,0
Frontier,FRONT,0.2,4.7,32.8,34.7,67406398,17163522,17662740,097,0,0
r/FortNiteBR Bricks,BRICK,0.15,-1.6,-21.6,37.4,633740,17107708,17107708,100,0,0
agEUR,AGEUR,1.09,0.1,0.2,-0.4,1733858,17053381,17053381,100,0,0
AXEL,AXEL,0.14,2.4,1.9,-3.1,127245,16928383,140989256,012,0,0
HydraDX,HDX,0.01,-0.4,-2.7,-3.9,5784483,16890031,42793770,039,0,0
VeraOne,VRO,61.04,-0.0,-0.9,-2.8,2277736,16850956,16850956,100,0,0
Battle World,BWO,0.06,0.5,0.4,-4.0,9382909,16847140,62886309,027,0,0
UniLend Finance,UFT,0.27,0.3,3.7,6.7,4533955,16823464,26990957,062,0,0
TOR,TOR,0.98,-0.0,-0.1,-0.8,79751,16806573,16806573,100,0,0
Swarm,BZZ,0.27,-0.2,-1.2,-4.3,435576,16789934,16789934,100,0,0
RMRK,RMRK,1.76,-0.3,-1.1,-0.8,4121761,16745823,17627182,095,0,0
Shiden Network,SDN,0.27,1.5,7.2,13.2,383768,16727400,21900316,076,0,0
CorgiAI,CORGIAI,0.0,-0.2,-2.6,-27.4,1063010,16715306,43466164,038,0,0
Opulous,OPUL,0.07,-0.4,-2.0,-9.6,580940,16714059,32768993,051,0,0
OSHI,OSHI,1242.35,-0.3,-0.4,-5.4,305171,16656137,16656137,100,0,0
Iron Bank EUR,IBEUR,1.07,0.0,-1.3,-1.4,192941,16591092,16591092,100,0,0
Aurory,AURY,0.51,0.2,-0.5,-17.5,203850,16543948,51046320,032,0,0
Harvest Finance,FARM,24.66,0.2,-0.4,-1.6,426546,16530945,17394856,095,0,0
PolySwarm,NCT,0.01,-0.3,-0.1,-3.9,140988,16516806,18041846,092,0,0
DeFi Pulse Index,DPI,69.06,-4.3,-10.2,-4.8,672073,16509145,16509145,100,0,0
Across Protocol,ACX,0.06,0.4,2.5,-1.0,462447,16496165,63047045,026,0,0
bZx Protocol,BZRX,0.03,-0.0,3.6,0.0,223612,16387810,26118746,063,0,0
Streamr XDATA,XDATA,0.02,-1.0,-2.8,-1.3,149681,16384318,23199871,071,0,0
sBTC,SBTC,29332.78,0.0,0.1,0.9,0,16278138,16278138,100,0,2
VIDT DAO,VIDT,0.02,-0.2,1.0,3.8,1058323,16181483,21014603,077,0,0
Kwenta,KWENTA,110.14,0.5,-1.1,2.6,133168,16088410,77285947,021,0,0
Santos FC Fan Token,SANTOS,3.14,-0.2,-2.6,-2.8,2150544,16080925,94407432,017,0,0
Stafi,FIS,0.29,-0.1,-0.6,1.3,2451055,16045605,32490658,049,0,0
Volt Inu,VOLT,0.0,0.2,1.9,1.6,1254017,16027962,17762187,090,0,0
MicrovisionChain,SPACE,12.53,-0.3,-6.4,-18.7,783784,15963347,263408115,006,0,0
Revain,REV,0.0,0.0,-3.6,-0.6,208813,15959516,16054834,099,0,0
XCAD Network PLAY,PLAY,0.07,1.7,-2.7,-3.4,2058927,15928691,41141672,039,0,0
FIO Protocol,FIO,0.02,0.3,1.7,0.5,1486712,15843185,21889155,072,0,0
ZUSD,ZUSD,0.99,-0.0,-0.2,-0.8,4557239,15833079,15833079,100,0,0
MANTRA,OM,0.02,-0.4,-1.6,1.3,2324008,15739963,19999901,079,0,0
Cosplay Token,COT,0.02,-0.2,-3.6,-5.4,964380,15719121,20960017,075,0,0
PARSIQ,PRQ,0.08,0.2,0.1,2.4,257524,15716125,26320404,060,0,0
ThetaDrop,TDROP,0.0,3.1,5.1,4.4,225050,15679187,28376571,055,0,0
Gifto,GFT,0.02,-0.5,4.2,1.5,3612145,15568449,15568449,100,0,0
Shadow Token,SHDW,0.11,0.2,0.2,-8.8,1720477,15561228,17845980,087,0,0
Indigo Protocol,INDY,2.43,-0.8,-3.2,-14.9,116716,15525753,85219122,018,0,0
AC Milan Fan Token,ACM,2.14,0.2,-1.7,-4.3,1734235,15513291,42678772,036,0,0
ZambesiGold,ZGD,0.37,-8.2,2.2,1.0,185412,15491058,65432656,024,0,0
Index Coop - ETH 2x Flexible Leverage Index,ETH2X-FLI,11.94,0.1,-0.3,-0.9,714098,15486079,15486079,100,0,0
Stargaze,STARS,0.01,-0.1,13.1,11.4,150494,15444885,33906917,046,0,0
Celo Euro,CEUR,1.08,0.2,-0.2,-0.3,4904794,15434357,11922577,129,0,0
veCRV-DAO yVault,YVE-CRVDAO,0.75,0.0,0.0,0.0,0,15419092,15419092,-,0,0
STFX,STFX,0.04,0.1,-1.2,-0.0,2961859,15310146,44532689,034,0,0
NFT Worlds,WRLD,0.03,1.8,3.8,22.1,435717,15302340,139382439,011,0,0
Ellipsis [OLD],EPS,0.02,0.1,0.5,-0.2,7081,15227047,21801329,070,0,0
GYEN,GYEN,0.01,0.1,0.1,-1.4,7816844,15175952,15175952,100,0,0
TENET,TENET,0.13,0.0,-2.3,13.5,1429206,15131800,157622918,010,0,0
Grai,GRAI,0.98,-0.0,0.0,-0.6,349771,15074507,15073522,100,0,0
Enjinstarter,EJS,0.0,-1.4,0.2,10.7,9206925,15040336,20559473,073,0,0
Kleros,PNK,0.02,-0.2,1.6,-17.6,373264,14978944,15925645,094,0,0
Somnium Space CUBEs,CUBE,1.01,0.1,1.0,3.0,1407797,14936351,100629562,015,0,0
Aleph.im,ALEPH,0.08,0.2,-0.7,-7.6,6536664,14934246,40052811,037,0,0
Circuits of Value,COVAL,0.01,0.1,-3.1,1.2,6621161,14915410,14915410,100,0,0
Pintu,PTU,0.23,-0.3,0.5,-4.6,279907,14899861,69407050,021,0,0
TriasLab,TRIAS,2.98,-0.2,-2.7,-11.4,396451,14889090,29778180,050,0,0
Ethix,ETHIX,0.21,-0.0,-1.1,-3.6,8652,14799059,20997391,070,0,0
Stratos,STOS,0.55,-0.1,-3.3,13.2,330043,14797403,54779539,027,0,0
PinkSale,PINKSALE,147.2,0.0,-0.5,-1.4,2384,14720489,14720489,100,0,0
PIVX,PIVX,0.19,0.3,-0.1,-2.9,459200,14706327,14706327,100,0,0
Vite,VITE,0.01,0.9,2.5,1.0,1004076,14680515,15278160,096,0,0
Samoyedcoin,SAMO,0.0,-0.6,-0.9,-1.7,172207,14618755,17388462,084,0,0
Bitcoin 2,BTC2,0.81,-1.2,1.0,35.4,104079,14575672,17048158,085,0,0
Wise,WISE,0.14,3.5,21.7,3.9,446957,14541351,86695241,017,0,0
KlimaDAO,KLIMA,1.68,-0.1,0.8,-1.5,1754142,14444300,14444300,100,0,0
XEN Crypto,XEN,0.0,0.1,-5.4,8.1,2111085,14432004,14432004,100,0,0
GAMI World,GAMI,0.37,-15.0,11.7,10.7,1051742,14362471,55318820,026,0,0
Decentral Games Governance,XDG,0.03,-0.3,-0.1,-7.9,149884,14329282,14329282,100,0,0
Kyber Network Crystal Legacy,KNCL,0.66,-0.4,-4.1,2.5,4642132,14329215,150726619,010,0,0
Altered State Machine,ASTO,0.02,1.3,-2.1,8.3,491423,14293346,49082439,029,0,0
AIOZ Network,AIOZ,0.01,-0.6,-19.2,7.5,1382466,14287231,14715378,097,0,0
OG Fan Token,OG,3.64,-0.2,-1.9,-2.0,5532314,14198848,18238131,078,0,0
Crypto Gladiator League,CGL,0.01,2.3,0.8,4.9,230698,14172419,28330673,050,0,0
Diamond,DMD,3.75,1.0,0.7,-3.1,839555,14131350,16418529,086,0,0
UXD Stablecoin,UXD,1.0,0.0,-0.1,0.0,473101,14130487,9001211,157,0,0
Level,LVL,1.84,1.2,-4.3,-22.7,131912,14054885,91998188,015,0,0
Arsenal Fan Token,AFC,1.59,0.0,-0.4,-0.4,1967744,14054253,63687966,022,0,0
Bonk,BONK,0.0,-0.3,-1.3,-5.4,1840523,14048522,30683944,046,0,0
Hacken,HAI,0.02,-0.5,-0.4,0.6,472035,14022427,21704469,065,0,0
Umee,UMEE,0.0,0.1,-6.2,-6.3,7754709,14019220,37901806,037,0,0
Zano,ZANO,1.01,0.1,3.1,0.5,1195382,14016256,0,-,0,0
ICHI,ICHI,2.1,0.5,0.9,-4.9,6751546,13998216,21008273,067,0,0
Vela Token,VELA,1.14,-1.0,1.1,19.5,567929,13990107,57150610,024,0,0
ParagonsDAO,PDT,0.11,1.2,27.2,80.8,473460,13983968,18295616,076,0,0
Rebel Bots,RBLS,0.06,0.0,2.9,-0.9,6916819,13981521,17936288,078,0,0
Ben,BEN,0.0,-1.4,-11.3,-16.5,1541963,13889739,13889739,100,0,0
QASH,QASH,0.02,1.0,-7.1,9.6,2587598,13838839,17019719,081,0,0
Cere Network,CERE,0.0,0.0,-1.7,-1.8,159268,13815759,30842186,045,0,0
Poolz Finance,POOLX,2.97,-0.0,12.3,11.5,772193,13798147,16314591,085,0,0
GET Protocol,GET,1.19,-0.1,-8.7,-9.9,2242628,13771945,39808679,035,0,0
Dogechain,DC,0.0,-1.3,-3.1,-6.1,378637,13672501,105339620,013,0,0
Kitty Inu,KITTY,0.0,0.1,-1.5,-4.7,512522,13654381,13654381,100,0,0
Delysium,AGI,0.06,-0.2,-2.8,5.8,371352,13633973,165097795,008,0,0
Hathor,HTR,0.06,-3.0,-4.0,13.6,665059,13590801,47933450,028,0,0
Presearch,PRE,0.03,-0.9,-2.1,16.1,6180964,13535336,17065144,079,0,0
Alephium,ALPH,0.28,-0.3,-3.9,-16.4,4750817,13530291,284400463,005,0,0
FEG BSC,FEG,0.0,-1.4,-0.4,23.0,3144356,13519923,27039847,050,0,0
Mute,MUTE,0.33,-0.1,1.6,-3.0,502287,13478465,13478465,100,0,0
BurgerCities,BURGER,0.4,-0.6,-1.6,-2.4,6643041,13453541,24675005,055,0,0
Ovr,OVR,0.26,-0.7,0.5,-2.3,615697,13415740,23524494,057,0,0
Galaxia,GXA,0.01,-0.4,2.2,1.5,397895,13313946,52097765,026,0,0
Crypto Carbon Energy,CYCE,0.65,0.0,0.1,1.0,1577523,13182101,27304716,048,0,0
Media Licensing Token,MLT,0.09,0.1,3.8,2.1,180918,13144495,17956781,073,0,0
MATH,MATH,0.08,0.1,0.1,1.4,9737062,13087323,15396850,085,0,0
Red Kite,PKF,0.09,-0.2,-4.6,-7.7,3980665,13072031,18358030,071,0,0
Toucan Protocol: Base Carbon Tonne,BCT,0.7,-0.4,-1.0,-3.3,68042,13000727,13000727,100,0,0
Popsicle Finance,ICE,0.85,-0.9,-2.2,-1.7,5388472,12973770,20511687,063,0,0
XANA,XETA,0.01,2.1,0.8,7.8,467225,12966615,54858054,024,0,0
YUSD Stablecoin,YUSD,1.0,0.0,-0.0,-0.2,2676385,12906127,12906127,100,0,0
Efforce,WOZX,0.02,3.2,10.1,18.4,953955,12869257,20664979,062,0,0
KI,XKI,0.03,-0.2,-2.1,-1.2,189638,12854307,26068559,049,0,0
SOLVE,SOLVE,0.02,1.4,6.7,2.7,3146710,12840792,21401320,060,0,0
Hegic,HEGIC,0.01,0.1,0.5,-2.4,431574,12837708,12837708,100,0,0
TrustSwap,SWAP,0.13,-0.0,3.2,3.2,200064,12772764,12773382,100,0,0
Dagger,XDAG,0.01,-1.1,-5.5,13.9,2635600,12750996,14771468,086,0,0
Aeternity,AE,0.03,-3.2,5.9,-5.7,141141,12738687,16389407,078,0,0
GroveCoin,GRV,0.17,0.3,-6.9,-18.6,1184381,12686156,16887119,075,0,0
Optimus AI,OPTI,0.13,-0.5,6.3,35.8,175019,12664650,12664650,100,0,0
NUM Token,NUM,0.02,-0.6,-6.1,-11.2,111349,12641341,24610859,051,0,0
WeWay,WWY,0.0,-0.0,-1.7,-4.9,300602,12637013,47671957,027,0,0
rETH2,RETH2,1821.71,0.1,-0.1,-0.6,1166955,12635020,12635020,100,0,0
Vectorspace AI,VXV,0.33,-0.1,-4.3,4.0,9435599,12628693,16628980,076,0,0
ShapeShift FOX,FOX,0.02,1.4,12.3,16.3,1080153,12621165,22277887,057,0,0
Boson Protocol,BOSON,0.12,0.4,5.2,-5.3,561131,12615191,23419604,054,0,0
SideShift,XAI,0.1,0.2,-4.7,-6.6,405747,12551989,21102655,059,0,0
Boosted LUSD,BLUSD,1.15,0.1,-0.1,-1.0,2383797,12401945,12401945,100,0,0
Galatasaray Fan Token,GAL,2.45,-0.3,-0.7,-0.6,3466666,12353595,24487118,050,0,0
Strips Finance,STRP,0.41,1.0,0.3,-2.0,1868333,12342422,40757464,030,0,0
OctaSpace,OCTA,0.6,1.8,-15.8,-22.6,116715,12290040,28382698,043,0,0
Drep,DREP,0.25,-0.3,-0.7,2.7,1322866,12288079,25212781,049,0,0
RAI Finance,SOFI,0.03,-0.1,-2.5,-21.3,383792,12266302,27388163,045,0,0
Spool,SPOOL,0.32,-0.1,-0.2,-9.7,8041070,12101442,68040274,018,0,0
Hydra,HYDRA,0.54,-0.2,-1.8,-10.5,395819,12098541,0,-,0,0
Syntropy,NOIA,0.03,-0.3,3.3,-5.7,258505,12095593,25226075,048,0,0
Itheum,ITHEUM,0.02,-0.4,-1.6,-4.9,255287,12072947,20376283,059,0,0
Observer,OBSR,0.0,0.5,46.6,75.4,12360006,12066530,29090591,041,0,0
Buying.com,BUY,0.02,0.1,0.1,-0.0,287370,11995143,22090737,054,0,0
Fuse,FUSE,0.05,0.0,-0.1,-1.9,822238,11991925,18093146,066,0,0
Wonderland TIME,TIME,13.28,-0.3,-1.6,-1.5,172566,11957728,690307580,002,0,0
holoride,RIDE,0.02,0.5,-1.6,-2.2,1927133,11859960,16898820,070,0,0
Velodrome Finance,VELO,0.09,0.2,2.0,-17.9,959407,11846701,100507330,012,0,0
Steam Exchange,STEAMX,0.0,0.0,0.0,0.0,0,11825984,11825984,-,0,0
Stader BNBx,BNBX,254.27,0.1,-0.3,-2.3,125859,11808721,0,-,0,0
ISKRA Token,ISK,0.23,-0.1,-0.9,4.5,6395573,11782402,228658122,005,0,0
FEG ETH,FEG,0.0,-0.1,0.3,1.4,5126499,11765932,23531864,050,0,0
Phantasma,SOUL,0.1,-0.9,-1.4,-2.2,137508,11763628,11763628,100,0,0
Giddy,GDDY,0.01,0.0,-2.1,-3.5,4469591,11749344,9771902,120,0,0
chrono.tech,TIME,16.51,0.5,-2.2,-0.8,307709,11687952,11687952,100,0,0
Camelot Token,GRAIL,912.65,-0.4,-0.8,-15.0,567321,11658408,91073147,013,0,0
SaucerSwap,SAUCE,0.03,-2.0,4.5,25.6,283546,11627288,24965127,047,0,0
Ion,ION,542.08,-0.3,-2.3,-1.4,577404,11546037,11546037,100,0,0
Ooki,OOKI,0.0,0.2,-4.1,-5.9,771015,11515117,26642134,043,0,0
Newscrypto Coin,NWC,0.07,0.1,-1.0,-2.1,5216251,11493201,19002752,060,0,0
ApolloX,APX,0.03,0.9,-0.6,-15.3,1275278,11486329,264305265,004,0,0
LIF3,LIF3,0.01,-1.0,-6.2,-17.1,1406437,11476852,48242347,024,0,0
Silo Finance,SILO,0.05,0.1,-1.3,1.3,2891611,11393206,46322584,025,0,0
Impossible Finance Launchpad,IDIA,0.02,-2.6,-4.3,-9.0,981015,11365650,16318985,070,0,0
Tokenlon,LON,0.45,4.1,0.8,2.5,417278,11348039,89558865,013,0,0
Mare Finance,MARE,0.3,-0.4,1.7,153.5,277470,11304441,29648311,038,0,0
Augur,REP,1.4,0.3,-1.7,-3.4,1315033,11219646,11219646,100,0,0
USDX,USDX,0.92,-0.1,-1.1,-2.3,681895,11180173,0,-,0,0
Hera Finance,HERA,3.11,-1.1,6.1,6.3,5999407,11167101,31132146,036,0,0
Sphere Finance,SPHERE,0.0,-0.4,-4.2,-6.7,844381,11160387,13040206,086,0,0
Not Financial Advice,NFAI,0.15,1.0,3.9,12.9,6153226,11091440,14759697,075,0,0
Rhino.fi,DVF,0.74,0.4,-0.8,1.4,596846,11083834,73639821,015,0,0
Yoshi.exchange,YOSHI,0.04,-0.2,-0.3,-0.2,3541495,11062292,40162861,028,0,0
Meta Apes PEEL,PEEL,0.06,-0.2,-0.5,-4.5,731812,10954206,62370139,018,0,0
Cult DAO,CULT,0.0,-0.3,-6.0,1.0,1188023,10928144,16959491,064,0,0
Dimitra,DMTR,0.03,0.2,-7.5,-11.4,162951,10922675,27520036,040,0,0
Octopus Network,OCT,0.14,-0.1,-0.4,2.1,275522,10913088,14120470,077,0,0
Undead Blocks,UNDEAD,0.08,0.2,-0.1,-2.1,126163,10910896,40410724,027,0,0
STEPN Green Satoshi Token on ETH,GST-ETH,0.24,-0.4,-0.3,-8.6,3279101,10900204,7077159,154,0,0
Rarible,RARI,0.93,-8.4,-6.6,-9.0,342184,10888139,23508640,046,0,0
ForTube,FOR,0.02,0.8,4.0,1.0,2355606,10887178,19313163,056,0,0
Bitcoin Diamond,BCD,0.06,-1.2,-8.4,-1.6,2781064,10829223,12086385,090,0,0
Areon Network,AREA,0.16,0.0,-1.2,-0.1,8414028,10804020,79155812,014,0,0
Inter Milan Fan Token,INTER,1.99,0.1,-0.9,-15.4,797379,10802166,39673473,027,0,0
AirDAO,AMB,0.01,-1.3,-5.7,1.7,2995979,10758812,43192524,025,0,0
DIMO,DIMO,0.08,-0.1,-0.3,-1.1,4091315,10732825,80029057,013,0,0
Metacade,MCADE,0.01,-0.2,-11.3,-16.2,223775,10704040,14450965,074,0,0
SWFTCOIN,SWFTC,0.0,0.1,-1.9,-4.8,1653205,10699071,11942260,090,0,0
Revolution Populi,RVP,0.01,0.5,2.8,-9.8,2436591,10643403,17739005,060,0,0
Plugin,PLI,0.14,-0.6,16.7,89.7,132378,10590635,72626108,015,0,0
Taboo,TABOO,0.0,4.6,0.3,2.2,336683,10531167,10531167,100,0,0
hi Dollar,HI,0.0,0.8,-1.2,-0.1,242852,10512061,44106220,024,0,0
Games for a Living,GFAL,0.01,-1.6,-3.5,4.3,234881,10487324,146238381,007,0,0
AMO Coin,AMO,0.0,-1.2,2.3,2.1,483400,10443645,11591899,090,0,0
Cratos,CRTS,0.0,-0.3,0.1,-0.4,176744,10409717,19282193,054,0,0
Rari Governance,RGT,0.92,1.0,-11.2,-17.5,3879120,10409544,11546684,090,0,0
Conic,CNC,2.17,0.7,-0.6,-7.6,2496172,10370892,21559400,048,0,0
Tokemak,TOKE,0.6,0.0,0.4,1.6,9276487,10366400,60507711,017,0,0
Aave [OLD],LEND,0.29,0.0,-54.7,-4.4,18601,10349560,374284857,003,0,0
Cream,CREAM,13.47,0.3,-0.2,-2.1,499125,10326621,121246384,009,0,0
Vela Exchange,DXP,1.18,-1.1,3.0,23.6,102764,10319111,117932694,009,0,0
Atletico Madrid Fan Token,ATM,2.68,0.1,-2.4,-3.4,1289410,10302460,26751555,039,0,0
Ferro,FER,0.01,0.2,2.4,-1.2,3201832,10297245,51558019,020,0,0
Gamma Strategies,GAMMA,0.18,-1.1,-12.4,-10.1,181203,10286239,17516418,059,0,0
PER Project,PER,0.03,-0.2,-0.9,-2.8,151048,10250358,19737532,052,0,0
UNCX Network,UNCX,282.79,0.0,-11.0,-4.3,581582,10228300,13477270,076,0,0
PowerPool Concentrated Voting Power,CVP,0.32,0.2,-0.0,0.4,3607971,10201573,31847541,032,0,0
BigShortBets,BIGSB,1.05,0.0,0.0,0.0,0,10168731,104794744,-,0,0
Peercoin,PPC,0.36,0.1,0.9,-0.3,189270,10153858,9768075,104,0,0
MarsDAO,MDAO,0.14,-0.7,-0.9,-0.9,9352073,10149586,14224099,071,0,0
Juventus Fan Token,JUV,2.3,-0.0,-1.2,-4.4,911540,10146533,45989971,022,0,0
Era Swap,ES,0.0,0.1,-0.0,-5.8,333052,10143383,43378155,023,0,0
Splintershards,SPS,0.02,-0.1,-0.7,-8.4,200641,10122643,62010959,016,0,0
CoW Protocol,COW,0.07,-1.4,-2.5,-2.3,795046,10003279,65212058,015,0,0
Choise.com,CHO,0.09,-1.3,14.4,15.7,1053488,9961707,90913148,011,0,0
Dexalot,ALOT,0.41,0.0,1.0,7.0,1385545,9864342,40641571,024,0,0
Unibright,UBT,0.07,2.8,10.2,-16.0,393965,9863666,9863666,100,0,0
Lucro,LCR,0.0,0.1,2.0,15.2,1623102,9859755,9864034,100,0,0
Pundi X [OLD],NPXS,0.0,0.0,0.0,0.0,0,9852255,10767811,-,0,0
Marinade,MNDE,0.05,-0.2,-0.1,1.8,6214673,9828241,48126543,020,0,0
WEMIX Dollar,WEMIX$,1.0,-0.0,0.3,-0.0,5559394,9806596,9806596,100,0,0
HUSD,HUSD,0.05,0.1,-0.7,-0.9,58705,9790016,9790016,100,0,0
Bitcoin Pro,BTCP,74.58,0.0,7.9,77.2,783253,9619095,156568590,006,0,0
Nimiq,NIM,0.0,-0.0,-3.1,-5.1,4607198,9579944,18237648,053,0,0
Xbit,XBT,0.01,-0.4,-0.4,-0.2,6551305,9553682,11070315,086,0,0
Prizm,PZM,0.0,0.0,3.6,1.5,430831,9549421,16485552,058,0,0
WXT Token,WXT,0.0,0.8,1.3,6.5,145388,9540561,41471686,023,0,0
Sovryn,SOV,0.3,0.2,0.7,-15.7,6923555,9521600,30341372,031,0,0
Galactic Quadrant,GQ,0.0,1.0,-3.8,-22.0,1806289,9519551,21860033,044,0,0
STEPN Green Satoshi Token on Solana,GST-SOL,0.01,-0.2,-2.8,-2.4,179939,9491884,9609998,099,0,0
Scallop,SCLP,0.15,-0.9,-1.2,-2.0,1456058,9394215,14524977,065,0,0
pSTAKE Finance,PSTAKE,0.03,0.6,-0.0,-1.5,695877,9369239,16966428,055,0,0
Nash,NEX,0.23,0.9,7.9,4.4,275316,9342775,11773993,079,0,0
Witnet,WIT,0.01,-0.1,-2.0,-9.1,302199,9335255,18951204,049,0,0
Clearpool,CPOOL,0.02,-0.4,2.6,-9.7,368835,9322569,21797781,043,0,0
Turbo,TURBO,0.0,1.4,1.7,18.6,1464018,9292070,9292070,100,0,0
Validity,VAL,1.91,1.3,4.6,0.1,1520181,9265120,16995742,055,0,0
CHEQD Network,CHEQ,0.03,-1.7,-3.8,-3.3,167558,9253759,33801761,027,0,0
PIP,PIP,0.09,0.0,-3.2,-5.9,316288,9251021,86858952,011,0,0
FibSwap DEX,FIBO,0.0,-1.1,-8.0,-8.5,214649,9179048,10198943,090,0,0
Counterparty,XCP,3.53,-0.0,18.4,23.2,7107959,9149910,9344961,098,0,0
SquidGrow,SQUIDGROW,0.0,-0.1,-4.2,7.0,823756,9130888,9673675,094,0,0
ZKSpace,ZKS,0.04,0.1,1.7,-4.4,500180,9122014,40823511,022,0,0
Pallapay,PALLA,0.01,0.0,0.0,0.0,0,9096689,23969641,-,0,0
Push Protocol,PUSH,0.22,-0.8,-2.7,-1.5,312827,9082901,21905935,041,0,0
TRAC (Ordinals),TRAC,0.43,-1.1,-9.9,31.2,113814,9013269,9013269,100,0,0
KALM,KALM,1.11,0.2,1.5,11.1,3184249,9011676,11103998,081,0,0
Fulcrom,FUL,0.01,0.3,3.4,-0.9,1019531,9007719,170251421,005,0,0
PodFast,$FAST,0.09,1.8,-14.7,558.3,5695755,8972364,8972364,100,0,0
Mimo Governance,MIMO,0.02,0.2,-0.7,-19.2,5601285,8764903,13693709,064,0,0
Handshake,HNS,0.01,-0.4,5.3,17.1,3649860,8741190,29540091,030,0,0
AtPay,ATPAY,0.29,-0.2,-3.6,3.9,5193858,8732262,87322624,010,0,0
Viberate,VIB,0.05,-0.6,-1.8,-3.8,2683216,8728441,9562068,091,0,0
CateCoin,CATE,0.0,0.0,-0.6,-0.8,469157,8710198,25336082,034,0,0
Unisocks,SOCKS,29044.61,0.0,0.0,0.0,0,8684130,8684130,-,0,2
MixMarvel,MIX,0.0,0.2,6.2,1.1,499912,8684081,16885015,051,0,0
Comtech Gold,CGO,61.57,0.1,-0.0,-1.2,680262,8679673,8679673,100,0,0
Bitrock,BROCK,0.09,-2.6,-2.1,50.2,169516,8672267,8672267,100,0,0
Symbiosis,SIS,0.19,0.2,5.7,8.9,3666783,8665646,18968835,046,0,0
Aventus,AVT,0.92,-0.8,-1.7,-2.7,133093,8656325,9748942,089,0,0
Obyte,GBYTE,10.22,-2.0,-1.0,-1.1,385410,8620034,10225879,084,0,0
renBTC,RENBTC,28044.77,1.1,-4.1,-6.9,14358,8565878,8565878,100,0,2
Tomb Shares,TSHARE,216.46,-1.1,6.2,22.5,1307607,8552558,15300657,056,0,0
Jade Protocol,JADE,9.02,0.0,0.0,0.0,0,8536729,9229956,-,0,0
Divi,DIVI,0.0,0.6,-2.3,-7.0,216351,8534837,0,-,0,0
KRYLL,KRL,0.23,0.3,0.2,-2.4,7410406,8523553,11534424,074,0,0
OAX,OAX,0.15,0.6,1.7,-0.3,2313376,8519481,15271098,056,0,0
Robo Inu Finance,RBIF,0.0,0.7,-2.8,9.4,308187,8459058,14607644,058,0,0
IMPT,IMPT,0.01,0.2,-0.8,10.1,1598427,8453407,19703281,043,0,0
Prosper,PROS,0.28,-0.7,-4.4,-2.7,1045387,8450081,27813004,030,0,0
Grizzly Honey,GHNY,6.82,-0.0,-1.4,-4.7,517510,8419248,8419774,100,0,0
SIX Network,SIX,0.03,1.7,16.9,25.9,1538350,8419150,30751899,027,0,0
Bitrue Coin,BTR,0.03,0.1,-0.2,-6.7,2262443,8409523,30689172,027,0,0
