#,Moneda,Precio,1 h,24 h,7 d,Volumen en 24 h,Cap. de mercado,FDV,Cap merc/FDV
1,Bitcoin BTC,"$29.307,18",0.1%,-0.0%,-1.5%,$7.723.718.124,$570.402.375.708,$615.595.340.248,093
2,Ethereum ETH,"$1.839,65",0.1%,-0.2%,-0.7%,$4.068.070.711,$221.092.122.908,$221.092.122.908,100
3,Tether USDT,"$0,999196",0.0%,0.0%,-0.0%,$10.387.278.843,$83.318.841.504,$83.318.841.504,100
4,BNB BNB,"$239,14",0.1%,-0.4%,-2.4%,$337.229.328,$36.784.347.479,$47.816.544.843,077
5,XRP XRP,"$0,621420",-0.5%,-1.1%,-2.8%,$831.972.828,$32.848.276.921,$62.227.631.637,053
6,USD Coin USDC,"$1,00",0.0%,-0.0%,-0.0%,$1.955.674.086,$25.934.692.670,$25.934.642.302,100
7,Lido Staked Ether STETH,"$1.838,45",0.1%,-0.2%,-0.7%,$18.060.501,$14.939.494.488,$14.945.387.327,100
8,Dogecoin DOGE,"$0,073272554283",-0.5%,-1.1%,-2.5%,$416.783.644,$10.315.219.673,$10.315.227.743,100
9,Cardano ADA,"$0,287258",-0.4%,-0.6%,-4.4%,$108.584.915,$10.078.925.610,$12.941.971.261,078
10,Solana SOL,"$24,62",-0.3%,-0.6%,2.0%,$342.299.308,$10.009.146.571,$13.677.420.671,073
11,TRON TRX,"$0,077180978534",0.1%,-0.3%,0.5%,$162.765.800,$6.901.713.939,$6.901.715.535,100
12,Polkadot DOT,"$4,93",-0.1%,-1.0%,-2.6%,$75.008.439,$6.239.255.923,$6.638.618.118,094
13,Shiba Inu SHIB,"$0,000010215454",-3.4%,0.6%,6.3%,$229.472.885,$6.156.122.543,$10.445.742.442,059
14,Polygon MATIC,"$0,658766",-0.4%,-2.8%,-4.3%,$148.067.993,$6.148.783.392,$6.597.782.928,093
15,Litecoin LTC,"$81,32",-0.0%,-0.9%,-3.8%,$304.308.016,$5.983.292.607,$6.833.856.961,088
16,Toncoin TON,"$1,47",0.8%,0.8%,16.7%,$34.606.013,$5.068.726.002,$7.505.877.193,068
17,Wrapped Bitcoin WBTC,"$29.314,77",0.1%,-0.1%,-1.5%,$37.957.401,$4.756.276.179,$4.756.276.179,100
18,Uniswap UNI,"$6,22",-0.0%,-0.6%,2.2%,$64.186.130,$4.692.214.013,$6.225.021.904,075
19,Bitcoin Cash BCH,"$236,38",0.0%,3.3%,-1.5%,$219.720.101,$4.602.907.534,$4.962.781.598,093
20,Avalanche AVAX,"$12,17",-0.3%,-1.1%,-3.7%,$78.416.754,$4.184.652.617,$8.761.754.612,048
21,Dai DAI,"$1,00",0.0%,-0.0%,-0.1%,$84.521.556,$3.928.451.253,$3.928.989.549,100
22,Chainlink LINK,"$7,20",-0.4%,-3.1%,-2.1%,$216.046.206,$3.875.975.834,$7.203.077.572,054
23,LEO Token LEO,"$3,98",0.5%,-0.1%,0.1%,$940.418,$3.698.756.923,$3.920.051.498,094
24,Stellar XLM,"$0,132809",-0.3%,-1.8%,-6.6%,$75.235.053,$3.641.339.844,$6.649.744.956,055
25,Binance USD BUSD,"$1,00",0.1%,0.0%,-0.2%,$1.297.725.930,$3.349.344.217,$3.349.344.217,100
26,Monero XMR,"$157,11",-0.0%,-0.9%,-1.6%,$67.957.410,$2.851.671.197,-,-
27,OKB OKB,"$46,42",0.2%,-0.8%,0.8%,$3.437.588,$2.785.480.225,$13.927.401.127,020
28,TrueUSD TUSD,"$0,998928",0.0%,0.1%,-0.0%,$1.807.042.713,$2.748.759.680,$2.748.759.680,100
29,Cosmos Hub ATOM,"$8,42",0.2%,-0.6%,-2.5%,$107.077.485,$2.463.107.812,-,-
30,Ethereum Classic ETC,"$17,19",-0.3%,-1.3%,-4.3%,$58.882.335,$2.451.195.744,$3.624.162.602,068
31,Hedera HBAR,"$0,068881845055",-1.8%,3.7%,13.7%,$333.947.561,$2.265.766.849,$3.437.064.036,066
32,Internet Computer ICP,"$4,01",-0.2%,-1.5%,-3.4%,$18.443.986,$1.771.198.834,$1.882.162.626,094
33,Filecoin FIL,"$3,93",-2.0%,-3.5%,-5.1%,$72.802.939,$1.740.575.439,$7.715.856.979,023
34,Aptos APT,"$6,86",-0.8%,-2.4%,2.3%,$71.288.068,$1.548.905.263,$7.213.774.194,021
35,Lido DAO LDO,"$1,74",-2.0%,-5.2%,-6.5%,$50.831.085,$1.528.884.356,$1.739.661.705,088
36,Cronos CRO,"$0,056416565728",-0.2%,-0.5%,-2.8%,$4.409.773,$1.479.102.079,$1.692.619.679,087
37,Mantle MNT,"$0,456470",0.0%,-0.5%,-10.2%,$6.282.975,$1.476.483.395,$2.839.194.852,052
38,Quant QNT,"$101,13",0.1%,0.4%,-1.2%,$15.667.267,$1.470.251.758,$1.477.157.817,100
39,Arbitrum ARB,"$1,15",0.0%,1.2%,0.0%,$107.248.234,$1.468.117.561,$11.514.647.537,013
40,VeChain VET,"$0,018174706507",-0.1%,-2.1%,2.1%,$27.570.820,$1.321.560.964,$1.575.971.866,084
41,NEAR Protocol NEAR,"$1,32",-0.1%,-1.0%,-3.1%,$41.313.382,$1.243.664.904,$1.320.699.290,094
42,Maker MKR,"$1.229,92",-0.1%,-1.3%,0.1%,$89.302.912,$1.111.170.930,$1.239.714.145,090
43,Optimism OP,"$1,52",-0.3%,-0.3%,-9.2%,$79.483.897,$1.095.303.875,$6.563.744.745,017
44,Rocket Pool ETH RETH,"$1.998,66",0.1%,-0.2%,-0.9%,$4.760.111,$995.187.220,$995.187.220,100
45,The Graph GRT,"$0,106578",-0.2%,-1.9%,-1.3%,$46.829.698,$972.975.776,$1.065.881.235,091
46,Aave AAVE,"$64,95",-0.1%,-0.8%,-2.4%,$53.798.413,$943.094.001,$1.039.658.466,091
47,XDC Network XDC,"$0,064905064971",7.6%,3.4%,-2.4%,$14.702.915,$899.483.387,$2.457.436.392,037
48,Algorand ALGO,"$0,112467",-0.1%,-2.2%,-1.7%,$28.574.015,$879.842.951,$1.124.916.458,078
49,WhiteBIT Coin WBT,"$5,72",1.0%,2.2%,3.1%,$8.160.293,$823.641.492,$2.286.011.566,036
50,Frax FRAX,"$0,998331",0.0%,-0.0%,-0.1%,$14.507.732,$811.129.221,$811.129.221,100
51,Stacks STX,"$0,576936",-0.2%,-0.7%,-1.3%,$4.757.281,$810.170.513,$1.052.930.149,077
52,Kaspa KAS,"$0,040185998239",1.9%,-3.7%,-15.1%,$16.149.955,$806.537.324,$1.147.853.583,070
53,EOS EOS,"$0,709123",-0.2%,-1.0%,-2.4%,$63.465.156,$792.458.237,-,-
54,The Sandbox SAND,"$0,384752",-0.5%,-1.4%,-5.9%,$73.837.985,$792.278.877,$1.154.963.681,069
55,MultiversX EGLD,"$30,35",-0.5%,-1.5%,-4.4%,$9.307.938,$784.918.440,$954.337.538,082
56,Synthetix Network SNX,"$2,41",-0.3%,-2.6%,-7.0%,$29.336.621,$776.412.453,$778.159.003,100
57,ImmutableX IMX,"$0,677694",-0.2%,-2.1%,-7.9%,$21.292.368,$760.895.720,$1.354.641.077,056
58,Axie Infinity AXS,"$5,75",-0.8%,-1.4%,-3.7%,$43.401.716,$754.785.510,$1.555.287.802,049
59,Theta Network THETA,"$0,742021",-0.1%,-0.7%,1.9%,$13.404.068,$742.965.184,$742.965.184,100
60,Tezos XTZ,"$0,779876",-0.2%,-1.8%,-2.4%,$14.835.042,$734.137.348,-,-
61,ApeCoin APE,"$1,98",-0.8%,-4.3%,7.0%,$71.870.281,$730.716.263,$1.982.443.443,037
62,USDD USDD,"$0,996846",-0.0%,0.0%,-0.1%,$25.689.841,$723.049.889,-,-
63,Bitcoin SV BSV,"$35,72",0.0%,0.4%,-1.5%,$25.040.699,$687.826.480,$749.730.022,092
64,Fantom FTM,"$0,237325",-0.6%,-1.4%,0.0%,$49.778.637,$665.692.866,$754.274.154,088
65,Decentraland MANA,"$0,356871",-0.4%,-1.7%,-4.0%,$42.935.826,$658.015.853,$783.431.910,084
66,FLEX Coin FLEX,"$6,58",2.8%,10.6%,-4.1%,$199.654,$650.555.170,$651.022.169,100
67,Bitget Token BGB,"$0,448404",0.1%,-1.1%,-2.7%,$11.618.017,$627.206.114,$896.008.094,070
68,Render RNDR,"$1,68",0.0%,-1.6%,3.4%,$15.081.247,$622.413.012,$894.220.457,070
69,Injective INJ,"$7,39",0.4%,-2.7%,-9.5%,$27.448.877,$618.482.418,$738.437.484,084
70,Radix XRD,"$0,058315475426",-2.1%,4.3%,10.3%,$3.282.408,$597.514.432,$1.401.234.738,043
71,NEO NEO,"$8,32",-0.4%,-2.2%,-2.9%,$16.752.606,$587.747.509,$833.329.801,071
72,GALA GALA,"$0,022400653645",-0.9%,-2.9%,-5.0%,$341.236.091,$567.306.840,$1.118.360.398,051
73,Kava KAVA,"$0,812633",-0.6%,-2.5%,-2.3%,$8.070.961,$566.566.449,$566.581.130,100
74,eCash XEC,"$0,000028948260",0.2%,0.1%,-5.0%,$7.545.004,$564.614.199,$608.940.589,093
75,Flow FLOW,"$0,540080",-0.3%,-2.0%,-4.1%,$15.864.227,$559.944.274,$783.909.551,071
76,Pepe PEPE,"$0,000001324882",-0.7%,-4.0%,10.1%,$89.448.239,$559.648.544,$559.648.544,100
77,Gate GT,"$4,07",0.1%,-0.4%,-0.5%,$302.121,$558.728.452,$1.220.219.089,046
78,KuCoin KCS,"$5,49",-0.1%,-0.4%,-2.2%,$532.645,$531.126.035,$791.931.450,067
79,Rollbit Coin RLB,"$0,162593",4.1%,-6.6%,9.4%,$16.999.457,$531.027.074,$805.330.400,066
80,Rocket Pool RPL,"$26,69",0.9%,-2.1%,3.8%,$4.485.808,$523.480.995,$523.480.995,100
81,Chiliz CHZ,"$0,074255249663",0.0%,-1.2%,-2.6%,$26.872.982,$517.291.498,$659.171.335,078
82,Pax Dollar USDP,"$0,999201",-0.0%,-0.1%,-0.2%,$3.455.709,$505.920.428,$505.920.428,100
83,cETH CETH,"$36,94",0.0%,-0.2%,-0.7%,"$4.932,94",$497.922.625,$497.922.625,100
84,Klaytn KLAY,"$0,154484",-0.5%,-1.9%,-1.6%,$7.459.908,$494.473.225,-,-
85,Curve DAO CRV,"$0,570787",-0.5%,-1.6%,-6.8%,$43.821.882,$488.961.521,$1.885.160.245,026
86,Frax Share FXS,"$6,66",-0.7%,-1.5%,4.5%,$44.290.065,$485.166.114,$664.117.452,073
87,PAX Gold PAXG,"$1.902,05",-0.1%,0.0%,-1.7%,$7.423.673,$472.402.525,$472.402.525,100
88,Tether Gold XAUT,"$1.904,21",-0.0%,-0.3%,-1.1%,$4.205.424,$469.427.705,$469.427.705,100
89,IOTA MIOTA,"$0,166120",-0.4%,-1.2%,-5.3%,$4.451.124,$462.157.925,$462.157.925,100
90,Frax Ether FRXETH,"$1.836,33",0.0%,-0.2%,-0.6%,$2.647.520,$459.803.857,$459.805.284,100
91,THORChain RUNE,"$1,49",1.6%,6.0%,50.7%,$166.234.008,$451.723.000,$751.117.655,060
92,Terra LUNC,"$0,000077327994",-0.3%,-1.0%,-1.6%,$17.728.444,$450.249.463,$529.426.517,085
93,Mina Protocol MINA,"$0,466009",-0.4%,-2.2%,2.6%,$12.052.249,$443.891.756,$496.280.696,089
94,Tokenize Xchange TKX,"$5,48",-0.1%,-2.1%,-4.3%,$7.439.343,$438.184.328,$547.757.798,080
95,BitTorrent BTT,"$0,000000457337",0.2%,-1.0%,-1.4%,$21.835.642,$433.879.215,$451.472.167,096
96,Casper Network CSPR,"$0,038162134611",-0.3%,-1.1%,-4.8%,$3.656.258,$429.137.471,$455.419.733,094
97,Sui SUI,"$0,585873",-0.1%,-1.2%,-1.0%,$51.594.847,$423.709.715,$5.859.124.279,007
98,GMX GMX,"$46,36",-0.0%,-1.1%,-7.9%,$10.607.989,$415.037.868,$614.397.965,068
99,Huobi HT,"$2,58",0.2%,0.0%,-1.1%,$9.474.141,$411.302.526,$518.752.951,079
100,Trust Wallet TWT,"$0,942522",-0.1%,0.4%,2.4%,$14.407.966,$392.776.249,$942.700.933,042
101,Conflux CFX,"$0,184058",0.1%,-3.3%,3.1%,$44.736.018,$386.508.176,$973.849.098,040
102,dYdX DYDX,"$2,17",0.2%,-0.8%,4.5%,$41.165.133,$376.793.459,$2.178.354.126,017
103,Compound COMP,"$54,42",-0.6%,-0.9%,-2.6%,$52.378.436,$373.811.908,$545.226.417,069
104,Gemini Dollar GUSD,"$1,00",0.0%,-0.0%,-0.6%,$301.342,$362.552.541,$362.552.541,100
105,Dash DASH,"$31,29",-0.0%,-1.9%,-5.2%,$27.630.608,$357.273.894,$592.427.358,060
106,Nexus Mutual NXM,"$52,30",0.0%,-0.2%,-0.6%,"$13.520,53",$353.480.151,$353.480.151,100
107,Bone ShibaSwap BONE,"$1,40",-11.3%,-5.0%,-13.6%,$12.556.024,$349.737.285,$380.276.590,092
108,Arweave AR,"$5,32",-0.2%,-0.5%,0.1%,$5.806.777,$348.424.995,$351.330.468,099
109,NEXO NEXO,"$0,615670",-1.6%,-1.0%,-3.8%,$1.383.646,$344.718.527,$615.568.788,056
110,Zilliqa ZIL,"$0,019835139197",-0.1%,-1.3%,-1.7%,$11.174.640,$335.289.814,$417.301.910,080
111,Sei SEI,"$0,178041",0.0%,-10.1%,,$154.354.328,$332.865.739,$1.849.254.108,018
112,WOO Network WOO,"$0,189525",0.0%,-0.9%,1.6%,$9.778.550,$328.835.618,$426.903.336,077
113,APENFT NFT,"$0,000000324627",-0.0%,-1.8%,1.4%,$15.471.675,$321.243.541,$324.450.545,099
114,Staked Frax Ether SFRXETH,"$1.935,72",0.1%,-0.3%,-0.4%,"$61.007,34",$317.981.034,$317.979.251,100
115,PancakeSwap CAKE,"$1,48",-0.0%,-0.3%,-1.6%,$19.737.262,$317.364.517,$1.108.931.420,029
116,Flare FLR,"$0,014742876142",-0.3%,-1.3%,-0.4%,$3.517.614,$315.876.298,$1.495.558.344,021
117,1inch 1INCH,"$0,301982",-0.4%,-2.9%,-1.7%,$15.051.603,$311.079.034,$453.362.685,069
118,Basic Attention BAT,"$0,206375",-0.3%,-2.4%,-3.6%,$21.836.293,$307.598.612,$309.673.238,099
119,cUSDC CUSDC,"$0,022991101176",0.0%,-0.0%,0.1%,"$3,22",$301.580.880,$301.580.880,100
120,Liquity USD LUSD,"$0,993631",0.0%,0.0%,-0.9%,$2.510.592,$293.127.292,$293.132.892,100
121,Helium HNT,"$1,99",1.4%,8.9%,-7.4%,$2.536.964,$285.493.776,$442.319.042,065
122,Enjin Coin ENJ,"$0,283661",-0.7%,-1.6%,-2.2%,$14.573.892,$284.172.856,$284.172.856,100
123,Illuvium ILV,"$50,04",-0.1%,-4.8%,6.3%,$3.865.778,$284.112.407,$481.894.037,059
124,Gnosis GNO,"$109,29",-0.0%,-0.1%,-1.6%,$2.076.024,$283.057.948,$327.918.385,086
125,Mask Network MASK,"$3,41",-0.5%,-1.8%,-1.2%,$23.250.577,$280.568.916,$341.688.435,082
126,MX MX,"$2,78",0.2%,-1.8%,-2.6%,$305.776,$277.413.283,$1.202.648.540,023
127,Osmosis OSMO,"$0,453755",-0.3%,-0.4%,-0.8%,$7.606.848,$277.315.711,$454.053.105,061
128,OKT Chain OKT,"$15,30",0.2%,-0.5%,0.5%,$548.129,$272.831.790,$321.023.897,085
129,Loopring LRC,"$0,217558",-0.2%,-1.9%,-5.0%,$13.266.375,$271.492.416,$299.496.511,091
130,Bitcoin Gold BTG,"$15,19",0.4%,-0.2%,-4.0%,$3.711.924,$265.952.943,$318.889.804,083
131,Huobi BTC HBTC,"$29.338,12",-,-,-,-,$263.148.210,$263.148.210,-
132,Astar ASTR,"$0,058140181371",-0.1%,-3.2%,10.6%,$10.839.675,$263.118.406,$471.277.113,056
133,SingularityNET AGIX,"$0,213112",0.2%,-1.9%,1.7%,$28.413.038,$261.859.450,$426.754.233,061
134,Qtum QTUM,"$2,49",-0.4%,-3.4%,-4.2%,$19.830.438,$261.489.418,$269.077.896,097
135,First Digital USD FDUSD,"$0,999716",0.0%,0.4%,0.0%,$35.568.880,$260.435.540,$260.435.540,100
136,NEM XEM,"$0,028934279471",-0.1%,-1.4%,-1.9%,$5.067.917,$260.061.006,$260.061.006,100
137,Convex Finance CVX,"$3,18",0.4%,1.1%,-2.2%,$5.872.888,$252.962.057,$317.655.696,080
138,Chia XCH,"$30,97",0.3%,0.9%,-1.1%,$6.594.435,$252.666.012,$901.000.065,028
139,Open Exchange Token OX,"$0,066270874433",5.9%,14.7%,4.2%,$4.539.767,$252.264.301,$658.319.810,038
140,Akash Network AKT,"$1,16",-0.0%,-2.5%,65.6%,$2.932.975,$252.027.084,$451.388.926,056
141,ECOMI OMI,"$0,000925072417",-0.1%,29.7%,43.7%,$2.266.117,$251.018.181,$695.489.805,036
142,Celo CELO,"$0,486445",-0.3%,-2.7%,-3.9%,$9.632.238,$247.385.587,$486.550.248,051
143,Theta Fuel TFUEL,"$0,039118425576",-0.0%,-1.3%,-3.3%,$2.098.306,$244.629.203,$244.629.539,100
144,Zcash ZEC,"$29,26",-0.4%,-0.9%,-1.5%,$19.859.133,$242.040.619,$614.755.192,039
145,FLOKI FLOKI,"$0,000023979591",-0.1%,0.7%,7.5%,$26.369.648,$238.774.948,$240.101.805,099
146,Oasis Network ROSE,"$0,047057737845",-0.4%,-1.6%,-0.0%,$6.781.810,$236.851.174,$470.937.270,050
147,Blur BLUR,"$0,278095",-0.5%,-1.3%,-7.5%,$14.692.118,$235.619.743,$835.750.236,028
148,Escoin ELG,"$2,82",-0.1%,-0.2%,-0.9%,$470.639,$228.752.259,-,-
149,Ethereum Name Service ENS,"$8,80",-0.4%,-2.0%,-5.5%,$7.306.967,$226.881.284,$879.956.679,026
150,Euro Tether EURT,"$1,09",-0.1%,-0.1%,-0.4%,$1.260.781,$224.881.506,$436.665.653,051
151,Holo HOT,"$0,001250668798",-0.2%,-2.0%,-4.4%,$6.085.981,$222.557.109,$222.557.109,100
152,Decred DCR,"$14,37",0.2%,-2.2%,-2.2%,$605.543,$221.450.016,$301.718.514,073
153,Fetch.ai FET,"$0,210505",-0.5%,-4.7%,5.5%,$36.152.351,$220.052.644,$243.152.093,090
154,STEPN GMT,"$0,199703",-0.6%,-1.8%,-3.0%,$13.076.060,$218.791.803,$1.199.753.918,018
155,Worldcoin WLD,"$1,72",-0.9%,-2.1%,-12.0%,$31.234.727,$216.993.468,$17.225.646.904,001
156,Ravencoin RVN,"$0,017727672466",-0.5%,-1.8%,-3.1%,$4.842.411,$211.402.556,$211.399.229,100
157,Kusama KSM,"$23,26",-0.4%,-2.1%,2.6%,$12.776.854,$209.045.562,$232.787.615,090
158,Aleph Zero AZERO,"$0,878701",-0.4%,-2.1%,-5.5%,$733.021,$208.970.514,$297.710.169,070
159,Beldex BDX,"$0,037068189744",0.1%,-0.1%,0.7%,$3.367.417,$206.972.967,$367.747.270,056
160,Audius AUDIO,"$0,186224",0.0%,-2.6%,-4.1%,$5.663.207,$206.147.427,$219.941.439,094
161,Unibot UNIBOT,"$208,01",3.1%,13.1%,22.8%,$10.733.128,$203.851.451,$203.851.451,100
162,Golem GLM,"$0,203391",0.2%,-1.2%,0.3%,$6.023.477,$203.545.041,$203.545.041,100
163,yearn.finance YFI,"$6.124,85",-0.6%,-2.1%,-5.6%,$19.777.383,$202.497.961,$224.682.993,090
164,cDAI CDAI,"$0,022359760729",0.0%,0.3%,0.1%,"$1.695,53",$200.959.750,$200.959.750,100
165,JUST JST,"$0,022418188155",-0.1%,-0.6%,-1.1%,$23.647.234,$199.553.390,$221.923.254,090
166,ICON ICX,"$0,205447",-0.5%,-2.5%,-3.9%,$1.272.740,$198.946.137,$201.180.355,099
167,DeFiChain DFI,"$0,270136",-0.1%,-1.2%,-5.4%,$4.378.264,$198.693.634,$323.782.428,061
168,Livepeer LPT,"$6,89",0.7%,0.7%,38.9%,$81.189.468,$196.573.886,$196.573.886,100
169,eUSD EUSD,"$1,04",0.3%,1.2%,1.0%,$967.035,$194.582.706,$194.641.223,100
170,Ankr Network ANKR,"$0,023587393245",-0.3%,-2.0%,-3.3%,$8.253.171,$192.665.261,$236.025.525,082
171,WEMIX WEMIX,"$0,614682",0.0%,-0.5%,1.3%,$1.916.155,$192.481.889,$596.543.704,032
172,Olympus OHM,"$10,65",-0.1%,0.3%,-0.5%,"$50.598,56",$191.136.329,$284.106.492,067
173,Terra LUNA,"$0,544694",-0.4%,-2.3%,-3.6%,$27.187.005,$190.168.538,$588.145.528,032
174,JasmyCoin JASMY,"$0,003893915798",-0.3%,-4.5%,-0.5%,$14.694.970,$188.617.566,$194.772.372,097
175,FINSCHIA FNSA,"$26,54",-0.0%,-1.7%,-6.7%,$191.417,$187.709.619,$26.538.943.965,001
176,Waves WAVES,"$1,87",-0.4%,-1.3%,-2.6%,$18.733.959,$187.503.339,$187.503.339,100
177,Baby Doge Coin BABYDOGE,"$0,000000001184",-0.2%,-0.6%,-0.4%,$839.012,$184.700.077,$496.871.761,037
178,SXP SXP,"$0,320976",-0.4%,-2.8%,-2.3%,$6.701.316,$184.316.664,$184.316.875,100
179,EthereumPoW ETHW,"$1,70",-0.2%,-0.5%,-1.8%,$4.669.507,$184.029.450,$184.029.064,100
180,BTSE Token BTSE,"$1,13",0.0%,2.4%,-0.3%,"$744,65",$182.646.229,$225.403.601,081
181,cUSDT CUSDT,"$0,015486161902",0.0%,-0.0%,0.0%,"$435,41",$179.601.498,$179.601.498,100
182,Ribbon Finance RBN,"$0,234038",0.2%,1.7%,7.2%,$302.970,$179.416.596,$234.019.034,077
183,Gains Farm GFARM2,"$5.000,30",-,-,-,-,$179.180.231,$179.180.231,-
184,Balancer BAL,"$4,15",-0.7%,-2.1%,-3.7%,$5.484.864,$176.860.120,$399.345.340,044
185,Siacoin SC,"$0,003401485277",-0.2%,-0.8%,-2.8%,$2.517.899,$175.152.836,-,-
186,HarryPotterObamaSonic10Inu (ETH) BITCOIN,"$0,169242",3.7%,17.3%,70.6%,$14.257.543,$171.587.956,$171.622.597,100
187,Ontology ONT,"$0,190796",0.1%,-2.0%,2.5%,$10.226.894,$170.226.939,$190.926.662,089
188,SafePal SFP,"$0,458959",0.4%,0.3%,6.0%,$4.542.011,$169.730.864,$229.495.251,074
189,Aragon ANT,"$4,21",-0.6%,-3.9%,-2.6%,$13.153.672,$168.578.623,$189.904.916,089
190,Magic MAGIC,"$0,752874",-0.0%,-2.5%,-1.0%,$20.941.256,$167.662.443,$261.983.317,064
191,Alchemix USD ALUSD,"$0,992765",0.1%,-0.1%,0.5%,$422.961,$167.581.993,$167.581.993,100
192,IoTeX IOTX,"$0,017734716992",-0.3%,-1.6%,-0.2%,$2.409.784,$167.324.906,$168.228.633,099
193,tomiNet TOMI,"$2,50",-0.1%,-3.6%,-18.6%,$15.168.741,$165.168.694,$282.069.170,059
194,Ronin RON,"$0,665146",-0.3%,-1.7%,-2.8%,$1.259.268,$162.882.509,$665.249.466,024
195,WAX WAXP,"$0,048386589731",0.0%,-1.5%,-2.2%,$1.548.120,$161.596.168,$182.452.505,089
196,Biconomy BICO,"$0,253921",-1.0%,-4.4%,8.6%,$3.940.489,$159.071.905,$254.673.775,062
197,Moonbeam GLMR,"$0,222211",-1.0%,-2.7%,-4.5%,$2.581.359,$158.375.143,$240.126.314,066
198,Marinade staked SOL MSOL,"$27,78",-0.4%,-0.5%,2.2%,$1.222.226,$157.868.978,$157.868.978,100
199,DAO Maker DAO,"$0,821059",-0.7%,1.5%,0.6%,$515.688,$156.013.998,$228.184.902,068
200,IOST IOST,"$0,008312249965",-0.3%,-1.3%,-3.9%,$4.114.947,$155.691.540,$748.961.349,021
201,Merit Circle MC,"$0,335330",0.5%,-2.1%,34.7%,$36.712.136,$154.338.285,$213.082.702,072
202,sETH2 SETH2,"$1.826,25",0.1%,-0.1%,-0.6%,"$51.804,48",$152.205.950,$152.205.950,100
203,Band Protocol BAND,"$1,14",-0.2%,-2.9%,-8.3%,$9.077.070,$152.057.190,$157.088.411,097
204,Sushi SUSHI,"$0,764524",-0.4%,-1.8%,4.5%,$24.263.204,$147.667.350,$191.488.044,077
205,Ocean Protocol OCEAN,"$0,339335",-0.1%,-3.5%,-0.8%,$17.119.810,$147.462.929,$479.055.010,031
206,TerraClassicUSD USTC,"$0,014954793785",-0.5%,1.3%,-3.1%,$10.353.999,$146.482.407,$146.563.380,100
207,Gains Network GNS,"$4,72",0.2%,-1.7%,-8.1%,$4.512.366,$142.823.367,$142.823.367,100
208,SwissBorg CHSB,"$0,148253",9.7%,8.7%,11.0%,$8.142.669,$141.573.333,$148.749.827,095
209,BORA BORA,"$0,139765",0.0%,-1.0%,-2.6%,$699.229,$139.446.285,$169.194.826,082
210,Axelar AXL,"$0,383668",-0.6%,-0.3%,-1.4%,$14.001.805,$138.963.587,$416.288.272,033
211,aelf ELF,"$0,300224",0.0%,2.8%,6.4%,$9.119.504,$138.248.842,$263.713.569,052
212,Harmony ONE,"$0,011179685156",-0.1%,-2.5%,-4.5%,$11.746.350,$138.095.498,$147.641.418,094
213,TomoChain TOMO,"$1,42",0.9%,1.3%,2.9%,$16.159.929,$137.859.090,$142.383.414,097
214,Krypton DAO KRD,"$1,34",-0.0%,1.1%,-4.7%,"$7.217,40",$137.368.538,$13.407.416.839,001
215,Bitcoin Avalanche Bridged (BTC.b) BTC.B,"$29.302,50",0.2%,-0.2%,-1.4%,$3.381.838,$135.990.157,$135.990.157,100
216,STASIS EURO EURS,"$1,09",-0.1%,-0.1%,-0.1%,$5.462.794,$135.969.852,$135.969.852,100
217,Amp AMP,"$0,002374755661",0.0%,-1.7%,-1.2%,$3.659.846,$133.350.046,$236.266.195,056
218,Core CORE,"$0,866395",-0.0%,1.7%,0.3%,$17.392.746,$132.940.951,$1.818.614.213,007
219,Wrapped Beacon ETH WBETH,"$1.862,10",0.1%,-0.2%,-0.4%,$410.041,$132.115.739,$132.115.739,100
220,Tribe TRIBE,"$0,289049",0.1%,-2.2%,-0.5%,"$37.958,09",$131.405.906,$288.794.332,046
221,DigiByte DGB,"$0,007742115792",-0.6%,-2.2%,-3.8%,$2.853.319,$127.836.999,$163.344.209,078
222,Stargate Finance STG,"$0,623216",-0.2%,-2.4%,-1.4%,$16.693.204,$127.286.999,$622.891.724,020
223,SKALE SKL,"$0,026941614875",-0.6%,-3.3%,-5.5%,$8.483.116,$125.996.532,$188.704.220,067
224,Polymath POLY,"$0,139828",-0.5%,2.1%,-3.2%,"$69.107,84",$125.672.434,$139.861.241,090
225,Hive HIVE,"$0,339590",-0.0%,-1.5%,-1.7%,$1.457.933,$125.654.515,-,-
226,Kadena KDA,"$0,515640",-0.3%,-1.6%,-1.6%,$2.244.951,$125.145.442,$515.725.057,024
227,SSV Network SSV,"$17,51",0.4%,-3.7%,-0.1%,$4.969.006,$124.043.140,$193.913.822,064
228,Bitkub Coin KUB,"$1,40",0.1%,2.0%,2.6%,$363.183,$123.843.922,$153.323.933,081
229,Flux FLUX,"$0,391268",-0.3%,-3.1%,-1.5%,$3.565.823,$123.835.813,$172.227.669,072
230,Kyber Network Crystal KNC,"$0,668009",-0.3%,-1.0%,2.9%,$37.746.703,$121.646.811,$168.939.392,072
231,Lisk LSK,"$0,829795",-0.3%,-1.5%,-1.7%,$1.335.518,$120.222.076,-,-
232,UMA UMA,"$1,59",-0.3%,-2.3%,-3.9%,$4.717.127,$116.813.221,$183.048.342,064
233,ORDI ORDI,"$5,54",-0.8%,-2.8%,-1.3%,$14.111.814,$116.562.331,$116.562.331,100
234,Horizen ZEN,"$8,21",-1.3%,-5.7%,-7.1%,$6.249.013,$114.958.023,$172.247.485,067
235,Cartesi CTSI,"$0,151657",-0.7%,-2.8%,2.9%,$4.645.162,$112.962.252,$151.923.957,074
236,LUKSO [OLD] LYXE,"$7,04",-0.5%,-7.2%,13.1%,$253.239,$109.658.894,$704.028.555,016
237,Energy Web EWT,"$2,31",0.4%,-4.4%,-8.8%,$847.931,$109.381.256,$231.252.150,047
238,Open Campus EDU,"$0,578463",-0.2%,-2.8%,-2.8%,$6.114.315,$108.483.712,$578.901.411,019
239,Lido Staked SOL STSOL,"$27,63",-0.4%,-0.6%,2.2%,$566.118,$107.870.945,$107.870.810,100
240,Polymesh POLYX,"$0,126966",0.3%,-1.9%,-2.9%,$1.746.481,$106.655.007,$106.655.007,100
241,Everscale EVER,"$0,058604684744",-0.2%,1.3%,4.3%,$3.441.260,$105.627.765,$122.511.007,086
242,PlayDapp PLA,"$0,187458",-0.6%,-0.7%,7.7%,$10.651.283,$105.417.377,$131.741.452,080
243,Constellation DAG,"$0,036586812917",0.2%,0.4%,-6.3%,$171.780,$105.314.833,$129.573.595,081
244,Synapse SYN,"$0,552008",-0.0%,-2.3%,-4.1%,$2.300.050,$105.101.970,$138.206.532,076
245,Blox CDT,"$0,155530",3.0%,-8.5%,-21.5%,$118.778,$104.940.126,$155.563.837,067
246,Reserve Rights RSR,"$0,002068256784",-0.5%,-5.7%,-1.7%,$7.110.147,$104.780.647,$207.076.378,051
247,Murasaki MURA,"$1,82",-0.0%,-2.1%,-2.2%,"$5.968,07",$104.247.703,$1.816.162.073,006
248,Nervos Network CKB,"$0,003102887181",-0.4%,-6.0%,3.1%,$3.272.585,$103.546.368,-,-
249,NuCypher NU,"$0,073415016560",0.1%,-0.0%,-5.1%,"$1.972,27",$102.416.061,$305.746.748,033
250,Centrifuge CFG,"$0,281066",-0.2%,-0.6%,-6.7%,$227.113,$101.146.202,$125.500.120,081
251,GalleryCoin GLR,"$0,419625",0.0%,-8.7%,-7.7%,"$50.270,59",$101.061.425,$838.983.447,012
252,Wrapped Centrifuge WCFG,"$0,279927",-0.5%,-1.3%,-7.3%,$103.964,$100.841.841,"$0,000000000000",-
253,JOE JOE,"$0,294598",-0.8%,-2.5%,-6.8%,$4.220.720,$100.735.127,$147.506.779,068
254,Pundi X PUNDIX,"$0,387731",-0.0%,-1.4%,0.5%,$3.741.064,$100.229.333,$100.229.333,100
255,CoinEx CET,"$0,033416635208",-0.9%,-1.2%,4.0%,$288.119,$99.772.587,$335.060.521,030
256,Kujira KUJI,"$0,852171",-0.6%,-3.2%,-2.8%,$280.368,$98.805.315,$104.339.202,095
257,Status SNT,"$0,024797443802",-0.0%,-1.3%,-4.2%,$1.519.579,$98.259.816,$168.829.195,058
258,API3 API3,"$1,13",-0.6%,-5.0%,5.6%,$9.039.766,$97.939.523,$142.592.449,069
259,Metars Genesis MRS,"$1,55",-0.1%,0.0%,-1.2%,"$54.648,32",$97.467.132,$1.550.789.696,006
260,Shardus ULT,"$0,220601",0.0%,0.4%,-12.5%,"$800,81",$96.948.031,$220.558.616,044
261,MiL.k Alliance MLK,"$0,317521",0.2%,0.6%,-1.7%,$4.736.708,$95.852.781,$412.981.834,023
262,Decentralized Social DESO,"$9,04",-0.6%,0.6%,0.6%,$118.401,$95.843.401,$98.357.171,097
263,HXRO HXRO,"$0,155605",0.0%,-0.4%,-1.7%,"$7.356,09",$94.942.977,$155.545.895,061
264,Function X FX,"$0,144228",0.0%,0.4%,-7.9%,$549.949,$92.009.172,$272.922.827,034
265,STP STPT,"$0,047054699179",-0.6%,-3.2%,3.2%,$1.293.571,$91.765.476,$91.765.476,100
266,Ergo ERG,"$1,24",-0.2%,-1.4%,4.0%,$532.341,$90.345.028,$121.730.832,074
267,VVS Finance VVS,"$0,000002436934",-0.1%,-0.5%,-3.4%,$248.381,$90.054.892,$243.611.457,037
268,Liquity LQTY,"$0,960794",-0.3%,-1.7%,-5.6%,$8.314.480,$89.451.316,$96.148.129,093
269,iExec RLC RLC,"$1,23",-0.4%,-4.0%,-0.0%,$5.683.592,$89.261.300,$107.287.103,083
270,Telcoin TEL,"$0,001256884383",-0.6%,-4.5%,-6.9%,$373.852,$88.829.352,$125.674.693,071
271,e-Radix EXRD,"$0,058724122374",-2.6%,4.6%,11.3%,$577.840,$88.699.400,$1.407.236.791,006
272,dKargo DKA,"$0,030450793272",-0.0%,-2.6%,-4.3%,$1.227.413,$87.970.380,$143.781.607,061
273,OriginTrail TRAC,"$0,227819",-0.5%,-3.5%,-4.8%,$989.844,$87.211.903,$113.913.591,077
274,Agoric BLD,"$0,146834",0.2%,-9.4%,29.4%,$243.676,$86.800.320,$182.836.712,047
275,Nano XNO,"$0,642963",-0.5%,-1.9%,-4.4%,$858.059,$85.711.392,$85.711.392,100
276,Radiant Capital RDNT,"$0,287792",-0.2%,-1.3%,-2.0%,$10.939.874,$85.623.262,$287.704.429,030
277,Coin98 C98,"$0,154109",-0.3%,-6.2%,-7.3%,$13.440.023,$85.430.421,$154.392.330,055
278,SafeMoon SFM,"$0,000151969311",1.0%,-9.8%,-4.9%,$1.153.283,$85.260.425,$152.598.621,056
279,BENQI Liquid Staked AVAX SAVAX,"$13,36",-0.3%,-1.0%,-3.6%,$134.006,$84.968.689,$84.968.689,100
280,IQ IQ,"$0,005175285204",-0.1%,-0.6%,-2.8%,$2.243.702,$84.873.283,$108.712.394,078
281,Nym NYM,"$0,159640",0.3%,0.1%,-10.7%,$631.137,$84.393.911,$159.701.976,053
282,Metal DAO MTL,"$1,30",-0.0%,-1.3%,-0.8%,$6.814.929,$84.074.832,$86.617.900,097
283,Alchemy Pay ACH,"$0,016857319541",-0.6%,-2.5%,-3.4%,$5.157.031,$83.512.585,$168.927.597,049
284,Swell Ethereum SWETH,"$1.884,02",0.1%,-0.2%,-0.6%,$300.593,$83.440.715,$83.440.715,100
285,MVL MVL,"$0,003543900886",0.2%,-0.3%,-1.7%,$1.906.064,$83.146.522,$106.357.397,078
286,Bitgert BRISE,"$0,000000209291",-0.0%,-4.3%,-9.7%,$1.345.334,$82.793.838,$209.240.091,040
287,Linear LINA,"$0,014993385398",0.1%,-0.4%,6.1%,$14.300.706,$82.638.949,$149.932.420,055
288,Stride STRD,"$0,947309",0.3%,2.1%,12.3%,"$43.331,26",$82.276.514,$94.753.789,087
289,Decimal DEL,"$0,017505309398",-0.5%,0.1%,9.0%,"$5.958,21",$82.269.195,$1.612.907.460,005
290,Numeraire NMR,"$13,05",-1.5%,-1.4%,-4.3%,$3.432.109,$82.118.867,$143.700.712,057
291,DeXe DEXE,"$2,24",0.0%,-0.8%,0.3%,$1.045.756,$81.613.894,$215.785.092,038
292,Origin Ether OETH,"$1.839,95",0.2%,-0.1%,-0.5%,"$13.317,13",$81.332.730,$81.332.730,100
293,Steem STEEM,"$0,183985",0.2%,-1.4%,-0.0%,$1.924.668,$81.235.220,-,-
294,inSure DeFi SURE,"$0,003054524351",0.1%,71.0%,-5.8%,"$5.536,69",$80.831.329,$268.788.352,030
295,Orbs ORBS,"$0,025061914440",0.1%,-1.6%,-4.0%,$1.132.213,$80.670.814,$250.726.197,032
296,Vulcan Forged PYR,"$3,38",0.4%,0.6%,9.0%,$17.200.587,$80.632.998,$168.704.515,048
297,Secret SCRT,"$0,381428",-0.8%,16.4%,13.7%,$9.235.403,$80.348.814,-,-
298,Access Protocol ACS,"$0,002629942234",0.8%,17.6%,30.7%,$9.414.139,$79.711.892,$243.702.667,033
299,Medibloc MED,"$0,011652496323",-0.0%,-0.7%,-5.9%,$791.813,$79.655.951,$116.590.220,068
300,Stella ALPHA,"$0,099655853190",-0.1%,-1.1%,-3.2%,$1.978.532,$79.652.712,$99.815.429,080
301,Quiztok QTCON,"$0,012406625233",-1.5%,42.1%,195.3%,$66.102.529,$79.292.042,$150.279.896,053
302,Radworks RAD,"$1,58",-0.1%,-2.4%,-2.4%,$5.489.925,$79.026.701,$158.595.448,050
303,QANplatform QANX,"$0,034663164454",4.2%,4.3%,10.6%,$975.916,$78.929.454,$116.042.562,068
304,Celer Network CELR,"$0,013916086921",-0.5%,-2.7%,-3.9%,$2.917.792,$78.520.710,$139.086.595,056
305,Astrafer ASTRAFER,"$0,500183",-0.3%,-0.9%,-2.3%,"$7.088,33",$78.473.030,$445.151.066,018
306,Kinesis Gold KAU,"$61,25",-0.2%,-0.3%,-1.4%,"$59.728,66",$78.065.622,-,-
307,OMG Network OMG,"$0,555625",-0.6%,-3.4%,-3.9%,$17.622.796,$77.954.840,$77.954.840,100
308,Nerve Finance NRV,"$0,003513321106",0.1%,0.1%,-2.9%,"$15.832,48",$77.747.624,$156.256.967,-
309,Dogelon Mars ELON,"$0,000000141159",-0.7%,-2.3%,-6.6%,$10.880.402,$77.667.117,$141.302.868,055
310,Kinesis Silver KAG,"$22,58",-0.2%,-0.3%,-1.9%,"$67.544,08",$77.074.068,-,-
311,MaidSafeCoin EMAID,"$0,179531",0.9%,0.3%,-0.8%,"$6.801,93",$76.302.113,-,-
312,World$tateCoin W$C,"$0,081094405383",-0.0%,-0.9%,-1.6%,$876.575,$75.552.821,$81.448.298,093
313,Hermez Network HEZ,"$4,51",0.3%,-9.4%,-1.8%,"$20.678,61",$75.201.719,$85.339.994,088
314,Prom PROM,"$4,11",0.1%,-0.9%,-2.3%,$1.398.127,$75.024.516,$79.135.448,095
315,StormX STMX,"$0,006800143668",-0.2%,1.9%,2.0%,$14.575.118,$74.857.208,$85.065.010,088
316,Marlin POND,"$0,009222228326",0.3%,5.7%,9.3%,$5.137.205,$74.384.790,$91.976.421,081
317,Wrapped NXM WNXM,"$31,38",1.4%,1.8%,-0.0%,$1.081.036,$74.364.624,$74.364.624,100
318,Syscoin SYS,"$0,103229",-0.0%,-2.0%,-2.2%,$770.265,$74.088.361,$77.150.627,096
319,RSK Infrastructure Framework RIF,"$0,075735495913",-0.1%,-2.2%,-1.4%,$413.626,$73.677.302,$75.693.784,097
320,Bad Idea AI BAD,"$0,000000145212",-0.8%,-5.3%,66.0%,$7.919.529,$73.489.339,$121.486.979,060
321,My Neighbor Alice ALICE,"$0,937504",-0.5%,-1.9%,1.3%,$18.247.649,$73.036.871,$93.843.263,078
322,Ardor ARDR,"$0,072842167093",0.1%,-1.0%,-1.5%,$631.898,$72.759.955,$72.759.955,100
323,Dent DENT,"$0,000754814271",0.1%,-3.0%,-4.7%,$2.253.973,$72.313.535,$75.598.312,096
324,SmarDex SDEX,"$0,010615458579",0.1%,-1.2%,2.1%,$833.852,$72.302.846,$106.144.944,068
325,Wilder World WILD,"$0,283694",-0.3%,-1.1%,-1.5%,$289.742,$72.187.064,$142.039.127,051
326,SPACE ID ID,"$0,251428",-0.4%,-2.8%,-7.2%,$7.900.602,$72.013.580,$503.591.470,014
327,Ankr Staked ETH ANKRETH,"$2.070,10",-0.1%,-0.2%,-0.4%,"$3.364,89",$71.089.815,$71.089.815,100
328,VeThor VTHO,"$0,001073116195",-0.1%,-0.6%,0.7%,$676.881,$70.717.151,-,-
329,Songbird SGB,"$0,006034560307",-0.0%,-2.1%,-10.3%,$280.376,$70.531.696,$105.733.408,067
330,Dock DOCK,"$0,015462776175",-0.4%,-1.5%,2.7%,$520.090,$70.448.413,-,-
331,Echelon Prime PRIME,"$3,11",0.6%,10.3%,65.2%,$3.688.006,$70.300.858,$345.311.558,020
332,Stratis STRAX,"$0,461533",-0.6%,-1.6%,-1.6%,$310.782,$70.261.105,-,-
333,Share SHR,"$0,001402351162",0.1%,-3.1%,-7.3%,"$46.094,63",$69.453.171,-,-
334,Tokamak Network TON,"$1,43",0.0%,-0.8%,-0.8%,$652.463,$69.070.307,$71.772.104,096
335,DODO DODO,"$0,112068",-1.0%,-5.3%,-13.4%,$23.058.015,$68.945.814,$111.756.008,062
336,Civic CVC,"$0,085759408521",0.3%,-1.7%,0.3%,$1.698.513,$68.612.141,$85.551.296,080
337,ChainX PCX,"$0,092002439105",-1.0%,-6.9%,5.8%,$322.095,$68.530.128,-,-
338,Doge Killer LEASH,"$574,39",-14.1%,0.2%,6.8%,$4.927.276,$68.425.793,$68.502.575,100
339,Power Ledger POWR,"$0,158619",0.0%,-2.1%,0.5%,$3.504.599,$68.183.560,$158.672.364,043
340,Smooth Love Potion SLP,"$0,001627138695",-0.5%,-1.3%,0.7%,$5.155.145,$67.842.691,-,-
341,XCAD Network XCAD,"$1,58",-0.3%,1.9%,11.9%,$3.682.783,$67.708.130,$316.232.592,021
342,Hunt HUNT,"$0,339367",-0.1%,-1.4%,-1.4%,$1.673.995,$67.625.569,$67.625.569,100
343,Maverick Protocol MAV,"$0,268301",-1.6%,-6.8%,-12.3%,$4.658.424,$67.099.654,$536.797.230,013
344,Venus XVS,"$4,38",0.3%,0.6%,-1.6%,$2.466.814,$66.676.560,$131.546.542,051
345,Gitcoin GTC,"$1,09",-0.1%,-2.9%,3.6%,$16.305.679,$66.639.977,$109.491.103,061
346,Bancor Network BNT,"$0,453650",-0.4%,-4.6%,-19.3%,$1.391.391,$66.289.453,$66.289.453,100
347,VitaDAO VITA,"$2,76",1.0%,-1.5%,-2.4%,"$20.594,38",$65.715.080,$177.408.500,037
348,WINkLink WIN,"$0,000068060664",-0.3%,0.4%,1.8%,$18.911.058,$65.474.011,$68.010.814,096
349,Hashflow HFT,"$0,373599",0.9%,-4.4%,1.8%,$12.665.524,$65.472.847,$373.641.285,018
350,Verge XVG,"$0,003939723274",-0.3%,-6.9%,-6.9%,$6.122.681,$65.134.405,$65.269.071,100
351,NKN NKN,"$0,098907745044",-0.7%,-5.1%,-2.1%,$3.908.788,$64.371.371,$99.032.878,065
352,Metis METIS,"$14,77",-0.1%,-3.3%,-10.9%,$1.660.590,$64.307.330,$147.686.228,044
353,Celsius Network CEL,"$0,150902",-1.4%,-3.4%,-2.9%,$461.554,$64.225.219,$105.079.269,061
354,AVINOC AVINOC,"$0,383567",-0.7%,-7.7%,-2.3%,"$99.424,73",$64.047.006,$383.472.379,017
355,Chromia CHR,"$0,111483",-0.7%,-5.1%,-5.1%,$6.371.953,$63.863.978,$111.592.483,057
356,Pendle PENDLE,"$0,655861",-0.2%,-8.0%,-8.7%,$13.100.519,$63.554.232,$169.419.457,038
357,QuarkChain QKC,"$0,009121008845",-0.0%,-1.5%,-6.2%,$833.702,$63.165.707,$91.802.637,069
358,ConstitutionDAO PEOPLE,"$0,012347844944",-1.2%,-3.8%,-4.5%,$5.051.959,$62.833.495,$62.833.495,100
359,Clash of Lilliput COL,"$0,765400",0.1%,0.0%,-1.4%,"$55.583,38",$62.825.811,$765.473.896,008
360,Stader MaticX MATICX,"$0,705933",-0.5%,-2.9%,-4.2%,$621.811,$62.487.651,$7.057.154.410,001
361,Keep Network KEEP,"$0,112622",-0.9%,-1.4%,-2.1%,$206.906,$62.151.629,$113.061.281,055
362,Bifrost BFC,"$0,044224683236",-0.6%,1.3%,-0.3%,$630.875,$61.614.682,$104.758.758,059
363,Xido Finance XIDO,"$2,14",0.0%,-0.5%,-8.2%,"$11.646,96",$60.696.338,$214.365.135,028
364,Concordium CCD,"$0,007879989915",-0.4%,-0.4%,-2.1%,$324.534,$60.306.473,$97.303.350,062
365,Artificial Liquid Intelligence ALI,"$0,016781876569",0.2%,1.0%,-0.7%,$290.102,$60.140.999,$167.609.410,036
366,Phala PHA,"$0,100638",1.1%,-8.5%,7.4%,$30.074.286,$60.009.485,$100.756.275,060
367,Yield Guild Games YGG,"$0,321643",-0.8%,-1.3%,-8.3%,$46.810.963,$59.654.941,$322.241.410,019
368,Beta Finance BETA,"$0,083447385143",-0.1%,-2.0%,-2.8%,$3.015.137,$59.036.499,$83.434.880,071
369,Request REQ,"$0,076718499476",-0.9%,-1.2%,-1.8%,$897.963,$59.032.171,$76.782.541,077
370,Gelato GEL,"$0,267622",0.6%,4.0%,5.4%,$133.633,$58.750.376,$112.491.542,052
371,Arkham ARKM,"$0,387538",-3.9%,-8.9%,-8.4%,$11.258.534,$58.360.460,$389.069.732,015
372,Covalent CQT,"$0,095309349009",-0.2%,-3.0%,-2.2%,$414.904,$58.047.072,$95.484.715,061
373,COTI COTI,"$0,047227044493",-0.0%,-3.9%,-5.3%,$2.664.289,$57.627.989,$94.529.766,061
374,Mobox MBOX,"$0,276600",-0.3%,-2.2%,-4.5%,$1.893.559,$57.306.318,$276.693.407,021
375,Refereum RFR,"$0,011509241693",-0.6%,-2.5%,-3.5%,$8.181.130,$56.162.638,$57.572.162,098
376,Sun Token SUN,"$0,005866344419",0.5%,7.3%,8.0%,$26.332.231,$56.042.919,$116.619.028,048
377,REN REN,"$0,055844292634",-0.2%,-2.9%,-6.8%,$16.130.679,$55.934.938,$55.934.938,100
378,MovieBloc MBL,"$0,003383728320",-0.7%,0.0%,5.7%,$1.640.203,$55.894.292,$101.633.954,055
379,flexUSD FLEXUSD,"$0,284514",-,-,-,-,$55.864.344,$55.864.344,-
380,CANTO CANTO,"$0,106235",-0.4%,-1.1%,-1.5%,$1.380.565,$55.700.989,$106.348.764,052
381,Spell SPELL,"$0,000464089042",-0.5%,-3.7%,-1.5%,$5.694.260,$55.245.424,$97.474.981,057
382,UXD Protocol UXP,"$0,013901064558",0.2%,-4.6%,-12.8%,"$21.387,49",$55.200.964,$97.501.276,057
383,World Mobile Token WMT,"$0,126987",-0.6%,0.1%,-9.2%,$437.250,$55.037.306,$254.902.644,022
384,Mdex (HECO) MDX,"$0,057864313690",-0.1%,-0.5%,-0.9%,"$68.927,52",$54.973.403,$61.322.821,090
385,Sweatcoin (Sweat Economy) SWEAT,"$0,006967392032",0.1%,1.0%,4.6%,$585.884,$54.193.727,$157.143.050,034
386,SX Network SX,"$0,110760",0.2%,0.1%,-0.5%,$259.998,$54.174.756,$110.651.054,049
387,Euro Coin EUROC,"$1,09",-0.0%,0.2%,-0.1%,$2.344.412,$54.055.984,$54.055.984,100
388,Dynex DNX,"$0,806330",0.4%,-15.2%,-36.4%,$915.809,$53.816.033,$80.587.169,067
389,Shentu CTK,"$0,577601",-0.9%,-2.6%,2.7%,$2.158.008,$53.711.294,$71.155.289,075
390,DUSK Network DUSK,"$0,125309",0.0%,-5.3%,3.1%,$13.190.235,$53.678.666,$125.530.536,043
391,Galxe GAL,"$1,15",-0.1%,-4.6%,-5.5%,$8.331.878,$53.462.251,$229.721.227,023
392,Cyberconnect CYBER,"$4,82",-2.0%,-31.0%,,$87.746.114,$53.113.985,$481.192.105,011
393,Marblex MBX,"$0,879833",0.2%,-4.2%,9.0%,$1.319.388,$53.006.929,$877.410.166,006
394,RSS3 RSS3,"$0,107562",-0.0%,-2.1%,-18.9%,$2.010.596,$52.662.572,$107.639.392,049
395,Pocket Network POKT,"$0,033952186758",-0.5%,-0.6%,19.6%,$593.833,$52.633.372,$55.656.042,095
396,Fidu FIDU,"$0,774421",0.0%,-4.0%,-6.7%,"$23.788,04",$52.428.820,$52.428.820,100
397,Gomining Token GMT,"$0,119853",0.1%,-1.5%,-2.0%,$342.096,$52.298.083,$52.298.083,100
398,Magic Internet Money MIM,"$0,997929",0.0%,0.3%,-1.8%,$1.489.303,$52.176.753,$171.345.512,030
399,ARK ARK,"$0,297871",-0.0%,-2.7%,5.4%,$10.899.662,$52.022.806,-,-
400,XSGD XSGD,"$0,736701",0.0%,-0.0%,-0.8%,$7.990.520,$51.587.987,$51.587.987,100
401,WazirX WRX,"$0,112754",-0.3%,-3.2%,-7.2%,$678.127,$51.397.659,$112.586.510,046
402,Coinweb CWEB,"$0,015982181043",-0.1%,-3.6%,-10.7%,$206.784,$51.129.300,$122.722.020,042
403,Nest Protocol NEST,"$0,008584851373",2.3%,7.9%,4.9%,$896.509,$51.047.999,$86.089.277,059
404,ARPA ARPA,"$0,051580739253",-0.5%,-4.0%,-4.6%,$7.745.977,$50.740.795,$103.323.371,049
405,DexTools DEXT,"$0,536558",-0.3%,-0.1%,-9.6%,$226.080,$50.601.636,$73.239.420,069
406,Koda Cryptocurrency KODA,"$0,000031024469",-,-,-,-,$50.208.210,$1.023.807,-
407,DOLA DOLA,"$0,994809",-0.0%,-0.1%,0.1%,$1.005.248,$49.854.825,$62.466.061,080
408,Cobak CBK,"$0,646570",-0.1%,-0.4%,4.7%,$1.997.950,$49.544.273,$64.808.180,076
409,BOB BOB,"$0,998987",0.0%,-0.1%,-0.0%,$373.899,$49.447.776,-,-
410,Ultra UOS,"$0,182747",0.2%,1.0%,-1.3%,$1.121.243,$49.282.536,$182.263.345,027
411,r/CryptoCurrency Moons MOON,"$0,461651",-0.2%,-4.8%,7.1%,$495.752,$49.271.560,$49.784.428,099
412,Sologenic SOLO,"$0,123496",-0.3%,-3.3%,-8.5%,$580.259,$49.238.144,$49.336.976,100
413,FUNToken FUN,"$0,004638015311",-0.8%,-1.7%,-7.1%,$610.986,$49.182.366,$51.043.115,096
414,Hooked Protocol HOOK,"$0,968573",0.2%,-4.0%,-1.4%,$6.826.332,$48.449.889,$484.498.894,010
415,Euler EUL,"$2,59",-0.2%,1.5%,2.3%,$260.533,$48.398.054,$70.496.720,069
416,Creditcoin CTC,"$0,192505",0.1%,0.3%,-1.7%,$18.300.997,$48.381.559,$384.798.658,013
417,XYO Network XYO,"$0,003474200619",-0.6%,-0.7%,-3.4%,$334.061,$48.376.120,$48.376.120,100
418,TempleDAO TEMPLE,"$1,04",-0.0%,0.3%,0.9%,"$12.240,94",$47.716.006,$173.856.368,027
419,Dawn Protocol DAWN,"$0,639722",-0.1%,-0.6%,0.3%,$998.346,$47.650.084,$49.009.173,097
420,Ecoin ECOIN,"$0,000102908044",0.0%,-32.2%,-33.5%,"$23,21",$47.437.303,$102.873.708,046
421,Adventure Gold AGLD,"$0,612016",-0.3%,-4.0%,-2.2%,$10.001.494,$47.285.144,$48.949.424,097
422,Aergo AERGO,"$0,107261",0.2%,0.2%,-0.2%,$772.747,$47.210.210,$53.647.966,088
423,THORSwap THOR,"$0,356787",0.4%,-14.4%,297.3%,$2.388.077,$47.077.522,$164.356.793,029
424,Raydium RAY,"$0,210198",-0.3%,-0.7%,-0.8%,$2.022.084,$47.043.307,$116.697.606,040
425,AllianceBlock Nexera NXRA,"$0,063406335633",1.2%,1.6%,-0.3%,$296.879,$46.956.817,$54.013.622,087
426,SOMESING Exchange SSX,"$0,016521001283",-0.4%,-1.0%,-2.5%,$440.020,$46.705.999,$99.175.005,047
427,Gods Unchained GODS,"$0,194682",-2.2%,11.7%,15.6%,$1.701.085,$46.536.036,$97.486.920,048
428,Bytom BTM,"$0,025778230101",-0.1%,-1.6%,4.3%,$204.845,$46.400.487,$54.114.230,086
429,Badger DAO BADGER,"$2,35",-1.0%,-9.6%,7.1%,$35.840.409,$46.391.018,$49.286.261,094
430,Aavegotchi GHST,"$0,901868",0.1%,-2.8%,-4.2%,$1.123.219,$46.113.231,$47.546.967,097
431,ALEX Lab ALEX,"$0,075239023081",-1.0%,-0.7%,-3.7%,$282.962,$46.110.696,$75.260.354,061
432,Pirate Chain ARRR,"$0,234419",-0.2%,-1.8%,12.3%,"$33.532,42",$45.998.316,$46.885.914,098
433,Tenset 10SET,"$0,272331",-0.1%,-0.4%,2.5%,"$17.221,66",$45.991.265,$45.991.265,100
434,Rally RLY,"$0,009166965064",5.6%,32.4%,37.9%,$7.957.455,$45.984.521,$137.626.216,033
435,DFUK DFUK,"$2,19",-,-,-,-,$45.964.205,$45.964.205,-
436,Boba Network BOBA,"$0,132946",-0.0%,0.1%,0.4%,$854.555,$45.539.067,$66.426.354,069
437,COMBO COMBO,"$0,637837",-0.1%,-2.8%,-0.3%,$2.496.047,$45.348.648,$63.824.817,071
438,Voyager VGX VGX,"$0,153760",0.1%,-1.3%,-7.0%,$5.223.840,$45.228.666,$45.228.666,100
439,Origin Protocol OGN,"$0,089592341345",-0.5%,-4.6%,-6.9%,$20.987.914,$45.136.270,$89.782.640,050
440,Real USD USDR,"$0,998569",-0.1%,0.0%,0.2%,$413.698,$45.114.507,$45.114.507,100
441,SuperRare RARE,"$0,072918637574",-0.7%,2.2%,-0.5%,$1.565.874,$45.073.583,$72.985.277,062
442,Verasity VRA,"$0,004334470942",-0.0%,-0.3%,-6.0%,$3.020.501,$44.662.190,$478.256.775,009
443,Strike STRK,"$11,50",0.0%,-1.4%,0.4%,$2.684.091,$44.324.524,$75.283.673,059
444,Dero DERO,"$3,49",0.1%,1.1%,-14.7%,"$20.855,15",$44.269.272,$73.331.935,060
445,Firmachain FCT,"$0,060982596283",-0.1%,0.1%,6.0%,$4.206.502,$44.217.071,$46.443.873,095
446,Alien Worlds TLM,"$0,012060956203",-0.8%,-7.4%,5.2%,$9.232.399,$44.030.489,$120.642.726,036
447,Metadium META,"$0,025784300529",0.0%,-1.4%,-6.3%,$1.209.303,$43.527.500,$51.592.135,084
448,Axion AXN,"$0,000003415657",0.0%,-0.4%,0.2%,"$261,99",$43.431.003,-,-
449,Acala ACA,"$0,056099851275",0.0%,-4.1%,-3.9%,$2.300.619,$43.260.455,$89.729.682,048
450,AirTor Protocol ATOR,"$0,586093",2.2%,-0.3%,12.0%,$127.289,$42.516.204,$58.424.903,073
451,Morpheus Network MNW,"$1,14",0.4%,1.5%,6.1%,$180.511,$42.479.533,$54.228.323,078
452,Zignaly ZIG,"$0,005467250374",1.1%,2.9%,2.1%,$388.223,$42.062.845,$147.937.959,-
453,Carry CRE,"$0,004760167698",0.6%,5.4%,-0.6%,$12.889.540,$41.981.934,$47.615.235,088
454,Bficoin BFIC,"$22,02",0.1%,-0.3%,-10.0%,$455.812,$41.549.168,$461.712.631,009
455,Vega Protocol VEGA,"$0,778861",-0.0%,-2.5%,-9.2%,$142.942,$41.281.757,$50.609.388,082
456,Humans.ai HEART,"$0,009150713368",-0.6%,-4.8%,-5.9%,$211.356,$41.201.474,$71.344.543,058
457,T-mac DAO TMG,"$23,52",-0.0%,12.5%,54.0%,"$70.471,13",$41.159.225,$23.519.556.912,000
458,Moonriver MOVR,"$5,43",1.3%,4.9%,6.4%,$2.791.291,$40.897.132,$59.687.715,069
459,CEEK Smart VR CEEK,"$0,048829808644",-1.1%,0.3%,-1.4%,$5.889.626,$40.635.708,$48.915.935,083
460,Storj STORJ,"$0,282000",-0.6%,-2.8%,-3.2%,$11.475.500,$40.620.003,$120.062.653,034
461,Maple MPL,"$5,10",-0.2%,-4.2%,-12.4%,$588.445,$40.546.551,$51.200.567,079
462,ThunderCore TT,"$0,003914163622",-0.0%,-0.9%,-1.6%,$2.261.010,$40.523.659,$40.523.659,100
463,Loom Network (OLD) LOOMOLD,"$0,048418900652",0.9%,1.3%,-1.2%,$119.267,$40.396.194,$48.441.646,083
464,sUSD SUSD,"$0,997843",0.0%,-0.0%,0.0%,$213.371,$40.390.192,$40.390.192,100
465,Aura Finance AURA,"$1,19",-0.1%,0.5%,-5.2%,$236.325,$40.378.148,$118.403.185,034
466,IDEX IDEX,"$0,052528716665",-0.1%,-3.1%,-0.4%,$2.810.804,$40.006.156,$52.564.863,076
467,Bella Protocol BEL,"$0,669437",-0.0%,-1.1%,2.0%,$1.490.096,$39.903.866,$67.065.320,060
468,TrueFi TRU,"$0,037333483446",0.0%,-4.2%,2.8%,$2.092.387,$39.850.066,$44.751.974,089
469,Osaka Protocol OSAK,"$0,000000052253",-3.6%,4.0%,95.7%,$790.314,$39.797.608,$52.262.125,076
470,BiLira TRYB,"$0,036329429603",1.1%,0.5%,0.2%,$105.907,$39.513.114,$39.513.114,100
471,Wanchain WAN,"$0,199757",0.8%,-0.3%,-0.5%,$1.077.715,$39.315.708,$41.925.612,094
472,Meter Governance MTRG,"$1,82",-0.9%,-0.3%,0.1%,"$28.810,59",$39.227.091,$81.827.320,048
473,SuperVerse SUPER,"$0,096287953750",-0.7%,-0.2%,5.2%,$21.757.101,$39.168.283,$96.308.592,041
474,KILT Protocol KILT,"$0,314030",-1.3%,-1.9%,-12.0%,"$82.326,60",$39.045.395,$91.355.843,043
475,Orchid Protocol OXT,"$0,065501713269",-0.5%,-7.6%,-3.1%,$15.091.482,$38.849.519,$65.674.693,059
476,Destablecoin HAY HAY,"$0,999771",0.0%,0.0%,-0.0%,$393.139,$38.670.585,$43.981.080,088
477,Zebec Protocol ZBC,"$0,011529252413",0.1%,9.4%,29.0%,$13.772.864,$38.084.998,$115.322.203,033
478,NvirWorld NVIR,"$0,035495292079",-0.8%,4.3%,56.7%,$798.620,$38.003.109,$379.511.294,010
479,Hifi Finance HIFI,"$0,367828",0.5%,0.3%,16.4%,$2.047.474,$37.962.530,$43.913.995,086
480,Kin KIN,"$0,000012525198",-0.7%,-10.2%,-4.1%,$485.381,$37.859.293,$37.859.293,100
481,Aura BAL AURABAL,"$11,77",0.1%,0.1%,-1.2%,"$11.204,26",$37.849.533,$37.849.533,100
482,Hifi Finance [OLD] MFT,"$0,003997282213",-,-,-,-,$37.520.700,$39.972.822,-
483,A Hunters Dream CAW,"$0,000000058640",0.1%,-2.1%,-14.8%,$1.056.373,$37.384.796,$39.146.384,096
484,Perpetual Protocol PERP,"$0,513057",-1.4%,-0.7%,-1.9%,$4.123.898,$37.279.807,$77.013.932,048
485,Radio Caca RACA,"$0,000110064126",-0.3%,-0.7%,-5.2%,$2.136.599,$36.985.649,$55.126.013,067
486,HyperCash HC,"$0,062794450631",0.2%,-4.9%,-0.8%,"$43.684,71",$36.981.427,-,-
487,Evmos EVMOS,"$0,067084630942",-2.3%,-3.6%,-5.8%,$944.367,$36.895.414,$67.196.714,055
488,Gas GAS,"$2,62",-0.2%,0.1%,-1.5%,$5.302.996,$36.623.396,$262.813.710,014
489,LCX LCX,"$0,046700692677",-0.4%,-0.5%,2.2%,$1.882.566,$36.383.965,$44.597.826,082
490,Electroneum ETN,"$0,002031431681",0.2%,-1.3%,-0.6%,$760.107,$36.352.024,$42.590.484,085
491,Uquid Coin UQC,"$3,56",0.0%,0.2%,3.5%,$1.863.649,$35.640.800,$142.563.200,025
492,Star Atlas DAO POLIS,"$0,163722",-2.3%,3.3%,38.1%,$296.692,$35.476.630,$58.938.539,060
493,Bean BEAN,"$1,00",0.0%,0.1%,0.0%,"$4.995,22",$35.265.342,$35.265.850,100
494,Mossland MOC,"$0,088186006187",0.0%,-1.7%,1.9%,$1.284.359,$35.151.260,$44.105.608,080
495,Snowbank SB,"$219,81",,-0.1%,-1.0%,"$2.425,17",$35.090.524,$35.090.524,100
496,BitMEX BMEX,"$0,351592",0.0%,-1.7%,2.5%,"$33.774,37",$35.062.400,$158.176.240,022
497,Reef REEF,"$0,001538014515",-0.1%,-3.7%,-2.4%,$9.690.364,$35.032.040,$35.032.040,100
498,Persistence XPRT,"$0,198536",0.1%,0.3%,-14.9%,$388.798,$34.962.458,$79.933.692,044
499,Fei USD FEI,"$1,00",0.1%,-0.1%,1.0%,"$20.342,69",$34.874.949,$35.133.894,099
500,Victoria VR VR,"$0,008009599836",-0.2%,-0.5%,-6.6%,$455.070,$34.689.595,$134.580.905,026
501,UwU Lend UWU,"$16,35",-,-,-,-,$34.682.471,$261.677.971,-
502,SingularityDAO SDAO,"$0,409666",-0.1%,0.2%,-1.8%,$834.727,$34.608.262,$41.009.947,084
503,Chainge Finance CHNG,"$0,080297557288",0.4%,-1.5%,-1.8%,"$78.727,77",$34.594.355,$65.397.644,053
504,Premia PREMIA,"$0,537276",-0.9%,11.1%,6.0%,$164.290,$34.048.447,$53.725.447,063
505,Seedify.fund SFUND,"$0,666198",0.5%,-4.4%,-8.1%,$2.324.339,$34.038.232,$66.593.771,051
506,Guild of Guardians GOG,"$0,082946089255",-1.6%,8.7%,15.4%,$657.148,$33.690.748,$83.664.366,040
507,Dust Protocol DUST,"$0,959110",-4.6%,-37.2%,-61.0%,$2.239.697,$33.617.746,$33.619.948,100
508,Refinable FINE,"$0,002684572532",-1.6%,-2.4%,0.5%,$140.551,$33.475.832,-,-
509,Bluzelle BLZ,"$0,081470388597",0.2%,-14.6%,54.9%,$54.029.696,$33.402.937,$40.747.607,082
510,0x0.ai: AI Smart Contract 0X0,"$0,037417103689",1.0%,-13.2%,15.0%,$652.006,$33.352.824,$37.422.524,089
511,Groestlcoin GRS,"$0,401301",-0.2%,-1.1%,11.3%,$7.265.963,$33.329.523,$42.070.246,079
512,Flamingo Finance FLM,"$0,066143722709",-0.7%,-3.2%,-1.6%,$1.557.008,$33.319.657,$33.319.657,100
513,Multichain MULTI,"$1,72",-0.0%,-3.3%,-1.5%,$1.468.441,$33.253.978,$171.737.209,019
514,Telos TLOS,"$0,094332306982",-0.1%,1.1%,-1.3%,$1.039.176,$33.251.545,$33.501.251,099
515,Sommelier SOMM,"$0,144342",-1.1%,-13.8%,19.6%,"$99.297,57",$33.169.955,$72.164.877,046
516,Automata ATA,"$0,082509410758",-0.5%,-5.2%,-2.4%,$5.450.095,$33.123.242,$82.572.728,040
517,Bit2Me B2M,"$0,007014465329",0.0%,-2.0%,-2.9%,$405.087,$33.052.650,$35.058.784,094
518,AscendEx ASD,"$0,044268534310",-0.4%,-0.3%,-6.1%,$3.418.258,$32.953.080,$32.953.080,100
519,Efinity EFI,"$0,050486646936",0.8%,2.6%,1.5%,$892.071,$32.835.380,$100.909.392,033
520,MUX Protocol MCB,"$8,63",0.0%,-1.4%,-16.7%,"$19.400,80",$32.832.113,$41.465.003,079
521,Redacted BTRFLY,"$148,74",0.4%,4.8%,4.8%,$237.674,$32.528.992,$96.698.625,034
522,IRISnet IRIS,"$0,021055367773",0.1%,-0.3%,1.0%,$1.098.103,$32.419.395,$41.985.376,077
523,BakerySwap BAKE,"$0,111700",-0.5%,-6.2%,16.7%,$91.245.781,$32.298.661,$31.015.716,104
524,SelfKey KEY,"$0,005374710759",0.2%,-2.6%,-0.2%,$2.813.200,$32.236.633,$32.236.633,100
525,dForce USD USX,"$0,997573",-0.1%,-0.1%,-1.2%,"$26.810,99",$32.210.211,$161.113.987,020
526,Unizen ZCX,"$0,054461900543",-0.0%,-2.1%,-5.3%,$619.976,$32.103.799,$54.435.051,059
527,Biswap BSW,"$0,085211795770",0.5%,2.3%,-1.0%,$21.858.582,$31.799.263,$59.671.747,053
528,Litentry LIT,"$0,688167",-0.6%,-3.9%,1.5%,$7.211.738,$31.544.483,$68.837.796,046
529,Komodo KMD,"$0,224814",-0.2%,-1.0%,-2.0%,$1.301.920,$31.171.389,$44.970.508,069
530,PLEX PLEX,"$0,091606587218",-0.0%,-7.0%,-12.1%,$186.396,$31.126.094,$38.002.473,082
531,TokenPocket Token TPT,"$0,009000771309",-0.0%,0.5%,-2.0%,"$34.445,26",$31.098.774,$52.930.917,059
532,Oraichain ORAI,"$2,30",-0.1%,-6.4%,7.0%,$680.284,$31.076.173,$45.508.845,068
533,PlatON Network LAT,"$0,007365149660",0.1%,-3.9%,-6.8%,$794.967,$31.008.796,$75.486.918,041
534,Bounce AUCTION,"$4,74",-0.7%,-4.8%,-10.4%,$3.730.681,$30.841.851,$47.448.855,065
535,Phoenix Global [OLD] PHB,"$0,009080745596",,0.0%,7.5%,"$0,544845",$30.753.451,$30.801.672,100
536,Ethernity Chain ERN,"$1,60",-0.2%,0.9%,1.2%,$1.371.655,$30.701.926,$48.032.531,064
537,Nakamoto Games NAKA,"$0,473344",0.1%,1.9%,-3.7%,$2.148.300,$30.673.769,$84.963.297,036
538,Polkastarter POLS,"$0,308610",-0.1%,-1.7%,-0.7%,$2.044.714,$30.648.547,$30.864.155,099
539,Saitama SAITAMA,"$0,000684206684",-0.1%,-0.1%,-5.6%,$421.169,$30.600.624,$68.439.656,045
540,Utrust UTK,"$0,064734448118",-0.6%,-3.8%,-3.1%,$1.295.780,$30.450.939,$32.394.616,094
541,Elastos ELA,"$1,42",-0.1%,-1.1%,6.1%,$296.053,$30.406.783,$40.163.994,076
542,MELD MELD,"$0,015948299401",-0.6%,-4.5%,-5.1%,$532.710,$30.392.254,$63.797.098,048
543,Taraxa TARA,"$0,007872479834",-3.6%,-12.5%,-13.0%,$2.387.687,$30.375.649,$80.690.495,038
544,Tellor Tributes TRB,"$12,19",0.1%,-2.4%,3.9%,$5.058.753,$30.311.306,$30.497.197,099
545,Verus Coin VRSC,"$0,436226",0.6%,3.6%,-3.5%,"$5.332,00",$30.238.049,$36.425.049,083
546,Unifi Protocol DAO UNFI,"$4,34",-2.3%,4.7%,20.9%,$34.344.693,$30.236.191,$43.927.251,069
547,MOON (Ordinals) MOON,"$0,300452",0.0%,-0.0%,1.5%,"$9.686,52",$30.035.128,$30.035.128,100
548,Bolide BLID,"$0,014242936400",0.3%,-20.2%,-14.5%,"$63.509,27",$29.957.881,$142.563.679,021
549,Travala.com AVA,"$0,571339",0.4%,-2.3%,-2.8%,$1.388.586,$29.949.623,$35.067.582,085
550,cBAT CBAT,"$0,004278520182",0.0%,-2.0%,-2.6%,$674.794,$29.863.759,$29.863.759,100
551,Tectonic TONIC,"$0,000000129517",-0.2%,-0.5%,-10.2%,"$33.491,22",$29.784.411,$64.792.310,046
552,Forta FORT,"$0,125892",0.4%,-1.1%,-2.2%,$551.024,$29.722.498,$126.013.441,024
553,Pluton PLU,"$7,24",-0.4%,-3.2%,-8.8%,$414.242,$29.710.138,$144.921.029,021
554,Cortex CTXC,"$0,138343",-0.5%,-2.0%,-2.0%,$4.833.861,$29.651.792,$41.480.043,071
555,Frax Price Index Share FPIS,"$1,44",0.0%,-1.6%,-2.9%,"$0,000000000000",$29.483.203,$143.752.458,021
556,Coinmetro XCM,"$0,097242630274",0.1%,-9.8%,11.0%,"$2.367,72",$29.401.276,$31.977.051,092
557,tBTC TBTC,"$28.128,42",-3.4%,-2.0%,-3.3%,$698.353,$29.382.896,$29.369.166,100
558,AhaToken AHT,"$0,007376204850",0.1%,-1.3%,-4.7%,$1.125.577,$29.358.442,$77.393.849,038
559,Router Protocol ROUTE,"$2,34",0.1%,-0.3%,-11.9%,$1.116.528,$29.156.766,$46.730.138,062
560,Altura ALU,"$0,040234436353",-0.9%,-1.7%,-0.6%,$278.774,$28.942.788,$39.809.878,073
561,Globiance Exchange GBEX,"$0,000000075901",0.4%,-5.4%,-27.9%,$195.752,$28.551.923,$37.731.563,076
562,INSTAR INSTAR,"$0,019682166576",-,-,-,-,$28.520.817,-,-
563,LooksRare LOOKS,"$0,052002226521",-0.2%,-2.7%,-7.6%,$2.022.663,$28.329.630,$51.995.611,054
564,sETH SETH,"$1.839,85",0.1%,0.2%,-0.5%,"$9,92",$28.274.573,$28.274.573,100
565,R R,"$0,987557",0.0%,0.0%,-0.2%,"$45.855,31",$28.225.910,$28.225.910,100
566,Steem Dollars SBD,"$2,28",-0.3%,-0.8%,-1.8%,$709.178,$28.190.321,-,-
567,Lybra Finance LBR,"$2,11",-5.2%,-12.0%,84.3%,$4.576.019,$28.170.717,$210.864.596,013
568,Adshares ADS,"$0,720684",-0.4%,-1.1%,-7.3%,$266.200,$28.109.744,$28.114.234,100
569,FC Barcelona Fan Token BAR,"$2,68",-0.5%,-1.9%,-2.5%,$2.361.596,$27.944.343,$106.921.579,026
570,Measurable Data MDT,"$0,045752985650",0.1%,-0.0%,1.6%,$4.283.415,$27.704.812,$45.693.403,061
571,Phoenix PHB,"$0,632788",0.3%,-4.3%,7.8%,$5.846.183,$27.669.188,$27.669.188,100
572,WAGMI Games WAGMIGAMES,"$0,000015318720",1.4%,-0.6%,-6.3%,$513.659,$27.643.301,$33.700.524,082
573,CargoX CXO,"$0,165256",0.0%,-1.0%,-0.5%,"$276,77",$27.625.175,$35.550.940,078
574,Ampleforth Governance FORTH,"$2,90",-0.2%,0.1%,-1.3%,$5.802.912,$27.617.897,$44.403.189,062
575,League of Kingdoms LOKA,"$0,239991",-0.9%,-3.3%,0.3%,$2.392.677,$27.572.628,$43.671.413,063
576,DIA DIA,"$0,248978",-0.5%,-2.4%,-1.1%,$5.582.730,$27.562.824,$49.834.426,055
577,Cudos CUDOS,"$0,004552066301",-1.8%,26.7%,43.1%,$1.100.763,$27.366.845,$45.341.300,060
578,GXChain GXC,"$0,364239",1.4%,17.5%,13.6%,"$18.164,22",$27.316.909,$36.422.546,075
579,BarnBridge BOND,"$2,92",-0.8%,-2.4%,0.4%,$1.865.460,$27.297.488,$29.363.849,093
580,Alpha Quark AQT,"$1,02",-0.3%,-1.3%,1.6%,$992.456,$27.234.158,$30.668.193,089
581,Hydranet HDN,"$0,158147",-0.6%,7.6%,63.3%,$180.906,$27.223.123,$47.320.468,058
582,BitShares BTS,"$0,010001216493",-0.2%,0.6%,0.7%,$924.992,$27.096.312,$35.998.202,075
583,Lyra Finance LYRA,"$0,063515409693",0.0%,-0.9%,4.8%,"$19.713,73",$26.879.179,$63.525.926,042
584,Beefy BIFI,"$335,18",-0.4%,-3.0%,2.1%,$207.993,$26.811.815,$26.811.815,100
585,Cornucopias COPI,"$0,034379104520",-0.0%,-5.0%,-6.5%,$290.913,$26.797.556,$132.026.480,020
586,The Virtua Kolect TVK,"$0,024889416745",-0.2%,-2.3%,-0.9%,$2.863.564,$26.733.916,$29.861.095,090
587,LTO Network LTO,"$0,063761181314",0.0%,-4.6%,-1.9%,$2.585.565,$26.680.556,$31.907.999,084
588,Keep3rV1 KP3R,"$54,14",-0.4%,-0.6%,1.5%,$1.948.428,$26.542.610,$26.542.610,100
589,H2O Dao H2O,"$0,117211",0.0%,-0.1%,-1.4%,$175.963,$26.396.714,$117.286.265,023
590,Enzyme MLN,"$18,04",-0.0%,0.4%,1.0%,$177.424,$26.239.044,$42.766.431,061
591,MAI MIMATIC,"$0,949160",-0.0%,-0.1%,-0.1%,$325.745,$26.158.407,$289.759.377,009
592,RocketX exchange RVF,"$0,340066",0.2%,-0.0%,4.8%,$1.735.502,$26.055.927,$34.012.303,077
593,cUNI CUNI,"$0,127104",,-0.1%,5.1%,$818.771,$25.917.603,$25.917.603,100
594,Poollotto.finance PLT,"$1,97",-0.2%,0.4%,-2.2%,$142.607,$25.709.925,$37.962.051,068
595,Unidef U,"$0,000149212123",-0.0%,-0.1%,4.7%,"$98.481,82",$25.709.613,$147.756.456,017
596,0xBitcoin 0XBTC,"$2,37",-,-,-,-,$25.697.903,$49.799.875,-
597,Dione DIONE,"$0,002708708236",0.1%,9.3%,1.1%,$912.069,$25.673.448,$27.070.584,095
598,Dream Machine Token DMT,"$42,50",-2.7%,0.3%,7.7%,$1.523.969,$25.565.038,$42.504.759,060
599,Nexa NEXA,"$0,000007345187",-4.7%,-10.6%,-24.7%,"$43.303,05",$25.353.411,$156.391.287,016
600,Milady Meme Coin LADYS,"$0,000000028480",0.2%,-3.3%,9.8%,$1.868.569,$25.275.481,$25.275.481,100
601,Overnight.fi USD+ USD+,"$0,999644",-0.0%,-0.1%,0.1%,$2.835.287,$25.100.841,$24.940.300,101
602,Quickswap QUICK,"$0,047320147077",-0.2%,0.1%,-0.6%,$1.586.678,$25.068.493,$47.299.044,053
603,LeverFi LEVER,"$0,001354088447",0.9%,2.1%,9.1%,$15.837.259,$25.011.601,$47.463.173,053
604,Findora FRA,"$0,002756137569",-1.0%,-6.3%,-0.7%,$982.755,$24.925.044,$58.005.509,043
605,Rich Quack QUACK,"$0,000000000567",-0.5%,1.7%,0.5%,$140.848,$24.916.771,$56.739.654,044
606,Alchemix ALCX,"$13,04",-1.0%,-1.3%,3.0%,$871.582,$24.848.125,$31.259.249,079
607,Ampleforth AMPL,"$1,08",0.0%,0.2%,-3.0%,$194.120,$24.679.690,$30.297.057,081
608,Onyxcoin XCN,"$0,000986763884",0.1%,-0.5%,-3.0%,$1.538.368,$24.623.726,$47.734.842,052
609,BENQI QI,"$0,006340587778",0.4%,2.2%,0.7%,$588.878,$24.396.928,$45.670.946,053
610,BeNFT Solutions BEAI,"$14,31",-0.4%,6.6%,-17.8%,$310.305,$24.308.957,$100.087.120,024
611,Dejitaru Tsuka TSUKA,"$0,024208635559",0.0%,-0.9%,2.7%,$166.513,$24.158.275,$24.158.275,100
612,Orion Protocol ORN,"$0,696057",-1.5%,6.2%,4.3%,$5.361.412,$24.072.346,$69.910.534,034
613,HELLO HELLO,"$0,045285356625",-0.3%,3.6%,10.9%,$255.211,$24.054.749,$45.274.833,053
614,Sai SAI,"$8,23",-,-,-,-,$23.801.257,$23.801.257,-
615,SpaceN SN,"$0,587966",1.4%,-1.4%,29.0%,"$24.273,18",$23.697.002,$592.276.993,004
616,MELD [OLD] MELD,"$0,015924915307",-1.1%,-3.8%,-3.3%,"$4.379,98",$23.636.207,$63.798.241,037
617,TROY TROY,"$0,002508898060",-0.1%,-0.2%,0.5%,$904.683,$23.516.404,$25.084.164,094
618,StakeWise SWISE,"$0,084634411876",-0.4%,-0.3%,-2.7%,"$5.812,08",$23.508.276,$84.648.424,028
619,StrikeX STRX,"$0,029177606967",0.1%,-1.8%,-9.4%,"$37.729,75",$23.439.005,$29.170.286,080
620,DFI.money YFII,"$584,79",-0.6%,-19.6%,-22.3%,$40.944.243,$23.305.025,$23.462.156,099
621,Velas VLX,"$0,009303322384",-0.1%,-1.4%,-2.8%,$496.986,$23.137.225,$23.137.225,100
622,Aurora AURORA,"$0,068744614058",-0.4%,-3.1%,0.8%,$507.666,$22.989.775,$68.712.090,033
623,Alpaca Finance ALPACA,"$0,152142",1.5%,0.5%,-0.8%,$1.708.449,$22.930.424,$28.550.224,080
624,Hourglass WAIT,"$0,230178",0.2%,2.8%,0.4%,$101.390,$22.536.298,$23.005.677,098
625,GuildFi GF,"$0,060293993595",0.5%,-1.1%,4.8%,$631.030,$22.532.239,$60.342.274,037
626,Instadapp INST,"$1,25",0.1%,-0.9%,-1.8%,"$64.703,72",$22.413.295,$124.890.550,018
627,REI Network REI,"$0,023188138670",-0.2%,0.9%,1.0%,$4.450.531,$22.350.042,$23.212.809,096
628,Klever KLV,"$0,002474590212",-0.9%,-2.0%,-2.4%,$943.785,$22.338.457,$24.747.214,090
629,GHO GHO,"$0,972291",0.1%,-0.7%,-1.1%,$1.793.588,$22.265.696,$22.267.446,100
630,Platypus USD USP,"$0,339044",-,-,-,-,$22.186.336,$22.186.336,-
631,EverGrow Coin EGC,"$0,000000047514",0.1%,-0.3%,-3.5%,"$15.922,44",$22.077.623,$47.494.448,046
632,Clover Finance CLV,"$0,037496338618",-0.4%,-2.2%,0.9%,$3.278.137,$22.007.364,$37.723.369,058
633,Manchester City Fan Token CITY,"$3,41",-0.3%,0.4%,1.1%,$7.553.485,$21.982.881,$68.160.759,032
634,Alpine F1 Team Fan Token ALPINE,"$1,93",-0.6%,-3.3%,-3.6%,$895.598,$21.975.770,$77.379.473,028
635,Kishu Inu KISHU,"$0,000000000227",-0.5%,-1.5%,1.1%,$154.125,$21.961.951,-,-
636,Sentinel Protocol UPP,"$0,066737682612",0.0%,-2.5%,-3.6%,$3.787.050,$21.904.930,$33.382.129,066
637,ONBUFF ONIT,"$0,028411447358",0.1%,4.2%,-1.0%,$1.139.553,$21.888.532,$22.451.613,097
638,Veno Finance VNO,"$0,104456",0.3%,1.2%,-1.7%,"$39.900,76",$21.721.647,$209.706.989,010
639,Shina Inu SHI,"$0,000001540961",-0.7%,-3.5%,2.8%,$249.809,$21.716.526,$30.905.734,070
640,Metahero HERO,"$0,002760080289",0.2%,-4.5%,-4.2%,$629.907,$21.689.222,$27.572.635,079
641,Yuan Chain Coin YCC,"$0,004363629599",0.1%,-6.8%,-27.8%,"$6,80",$21.654.932,$43.645.812,050
642,Stader SD,"$0,750533",0.1%,0.1%,-2.2%,$889.241,$21.594.005,$112.563.250,019
643,Mog Coin MOG,"$0,000000055300",1.3%,34.7%,145.9%,$3.556.397,$21.566.547,$23.229.708,093
644,Star Atlas ATLAS,"$0,001615743146",-0.3%,2.1%,4.5%,$1.594.078,$21.552.246,$57.966.510,037
645,Sidus SIDUS,"$0,000971688558",-0.3%,-0.8%,1.6%,$558.236,$21.409.921,$29.161.733,073
646,Petals PTS,"$0,001510350384",-0.2%,-0.1%,26.5%,"$12.285,13",$21.353.158,$151.173.025,014
647,Goldfinch GFI,"$0,384308",-0.1%,-0.9%,-2.3%,"$68.474,34",$21.328.947,$43.959.643,049
648,MXC MXC,"$0,008668601882",-0.8%,0.9%,3.8%,$774.910,$21.290.224,$23.279.845,091
649,Firo FIRO,"$1,67",-0.2%,-1.5%,-1.6%,$378.463,$21.191.410,$35.710.908,059
650,Everdome DOME,"$0,000977061103",-0.2%,2.4%,-4.5%,$292.107,$21.190.163,$97.526.941,022
651,Crust Network CRU,"$0,825622",0.9%,1.8%,1.7%,$684.520,$21.120.421,$23.951.448,088
652,Bonfida FIDA,"$0,207697",0.6%,-2.8%,-3.3%,$3.454.665,$21.069.461,$207.607.290,010
653,Contentos COS,"$0,005057701302",-0.8%,-1.6%,-1.1%,$2.209.304,$21.062.284,$50.208.247,042
654,Dopex DPX,"$79,96",0.2%,-1.5%,-9.2%,$434.913,$21.015.335,$39.938.192,053
655,MEVFree MEVFREE,"$0,374176",-0.3%,4.8%,1.8%,$318.924,$20.993.778,$37.488.889,056
656,Orca ORCA,"$0,879454",-1.1%,-5.1%,4.0%,$118.547,$20.937.678,$88.269.869,024
657,Quantum Resistant Ledger QRL,"$0,274454",8.3%,11.0%,42.1%,"$65.234,25",$20.922.721,$28.372.396,074
658,NuNet NTX,"$0,037411805329",-2.8%,-6.0%,-20.1%,$110.501,$20.844.613,$37.442.190,056
659,VEED VEED,"$0,003729993178",-0.7%,4.7%,-8.3%,"$94.343,81",$20.742.986,$372.648.046,006
660,district0x DNT,"$0,027495484752",0.4%,2.4%,1.1%,$487.189,$20.701.070,$27.556.539,075
661,Vaiot VAI,"$0,077285241902",0.2%,-4.1%,-1.5%,$414.514,$20.632.496,$30.945.030,067
662,Decentral Games DG,"$0,028662363854",-1.6%,-4.4%,-11.2%,$135.154,$20.563.740,$28.730.928,072
663,UFO Gaming UFO,"$0,000000797181",-0.3%,-0.4%,-2.0%,"$91.931,58",$20.561.033,$20.561.033,100
664,GPEX GPX,"$0,321093",3.7%,3.5%,17.8%,"$1.380,76",$20.491.001,$320.132.112,006
665,Saito SAITO,"$0,009323450072",-0.6%,-0.8%,-6.0%,"$63.715,80",$20.392.736,$93.609.215,022
666,Tap XTP,"$0,005389581197",0.9%,-0.7%,-11.9%,"$75.413,12",$20.366.084,$53.914.447,038
667,Nuls NULS,"$0,196453",-0.2%,-2.6%,-2.2%,$881.305,$20.360.271,$41.267.696,049
668,Yield App YLD,"$0,091825957779",0.2%,-3.6%,0.5%,$344.081,$20.354.905,$27.501.038,074
669,Stader ETHx ETHX,"$1.838,36",-,-,-,-,$20.275.934,$20.275.934,-
670,0x Protocol ZRX,"$0,216835",-0.6%,-3.0%,0.0%,$14.439.841,$20.161.807,$260.642.807,008
671,AdEx ADX,"$0,141424",-0.5%,-1.3%,0.5%,$2.175.271,$20.152.713,$21.204.821,095
672,ParaSwap PSP,"$0,026838157746",0.0%,-0.5%,-3.1%,$150.269,$20.066.196,$53.704.494,037
673,Manifold Finance FOLD,"$11,95",1.6%,-3.9%,-13.5%,$108.966,$19.899.024,$23.905.636,083
674,Mango MNGO,"$0,017196439604",-0.4%,-1.4%,-1.0%,$191.425,$19.878.742,$86.282.832,023
675,xExchange MEX,"$0,000005130708",-0.4%,-1.7%,-7.0%,"$20.189,58",$19.865.129,$41.291.983,048
676,JPEG'd JPEG,"$0,000533772124",-0.4%,1.4%,-7.3%,$222.817,$19.770.950,$37.037.952,053
677,PAAL AI PAAL,"$0,030768258618",0.4%,3.4%,58.3%,$734.998,$19.758.942,$30.354.222,065
678,KardiaChain KAI,"$0,004149755333",0.1%,-3.9%,-4.5%,$129.823,$19.751.954,$20.756.572,095
679,RAMP [OLD] RAMP,"$0,047889757130",0.1%,1.5%,12.0%,"$12.853,62",$19.685.293,$47.900.544,041
680,Serum SRM,"$0,052666756225",4.0%,-26.1%,-31.0%,$22.910.033,$19.671.046,$536.177.557,004
681,Thales THALES,"$0,423321",0.2%,-0.6%,-9.2%,$143.259,$19.583.366,$42.331.030,046
682,Qredo QRDO,"$0,051848082368",-0.4%,-3.4%,-17.7%,$413.104,$19.552.236,$103.625.097,019
683,Bitcicoin BITCI,"$0,002531202113",-0.1%,-0.1%,-0.7%,$1.625.853,$19.448.327,$254.078.689,008
684,HAVAH HVH,"$0,028524286673",0.0%,0.7%,30.9%,$423.268,$19.425.559,$285.181.985,007
685,Solend SLND,"$0,541307",1.3%,-9.2%,29.1%,"$64.323,66",$19.380.876,$54.493.147,036
686,Tranchess CHESS,"$0,155070",-0.3%,4.2%,9.0%,$5.618.296,$19.306.131,$46.902.197,041
687,Ternoa CAPS,"$0,014785888893",0.7%,1.2%,-0.4%,$600.222,$19.305.847,$36.814.366,052
688,MAP Protocol MAP,"$0,008630396730",-0.4%,-2.6%,-1.2%,$173.036,$19.255.885,$86.402.685,022
689,Maro MARO,"$0,022268240646",1.2%,6.7%,2.1%,$1.425.854,$19.248.665,$22.009.134,087
690,Radiant RXD,"$0,002759624060",-1.5%,-7.5%,-26.1%,"$92.672,80",$19.162.057,$57.899.878,033
691,xSUSHI XSUSHI,"$1,04",-0.5%,-1.3%,5.5%,"$39.359,24",$19.115.948,$19.115.948,100
692,BitMart BMX,"$0,108372",0.1%,-0.3%,-1.0%,$1.997.996,$19.089.339,$96.011.741,020
693,Propy PRO,"$0,329712",0.1%,-2.3%,-4.1%,$330.582,$19.061.240,$32.922.905,058
694,Origin Dollar OUSD,"$0,997554",0.0%,-0.1%,0.1%,$3.113.640,$18.994.166,$18.994.166,100
695,TOKPIE TKP,"$0,238317",-0.3%,-0.4%,-0.2%,"$56.725,40",$18.908.774,$23.846.458,079
696,Voxies VOXEL,"$0,156338",-1.6%,-1.0%,5.1%,$4.402.639,$18.777.523,$46.921.164,040
697,Stake DAO SDT,"$0,355575",0.1%,-0.1%,4.0%,"$49,77",$18.681.121,$35.563.098,053
698,Interest Compounding ETH Index ICETH,"$1.968,74",0.1%,-0.0%,-0.4%,"$76.636,68",$18.652.650,$18.652.650,100
699,BTU Protocol BTU,"$0,232688",0.1%,85.6%,-0.7%,"$19,98",$18.619.087,$23.273.858,080
700,DXdao DXD,"$789,45",10.6%,-0.2%,-0.2%,"$12.627,17",$18.528.504,$117.611.782,016
701,DeRace DERC,"$0,172518",0.1%,-0.4%,-6.9%,$251.945,$18.510.821,$20.694.043,089
702,dForce DF,"$0,038801821684",0.3%,4.5%,7.8%,$3.364.555,$18.452.057,$38.757.051,048
703,Dopex Rebate RDPX,"$13,58",0.3%,-2.7%,-4.2%,$171.132,$18.450.191,$28.584.975,065
704,Railgun RAIL,"$0,318521",-3.0%,-2.9%,6.0%,"$59.838,97",$18.319.629,$31.860.224,058
705,Talken TALK,"$0,089973260395",-0.3%,-1.6%,-9.0%,"$41.237,35",$18.310.942,$45.068.698,041
706,Fantohm FHM,"$6,23",-0.1%,-28.9%,4.2%,"$7.411,23",$18.308.414,$14.086.132,130
707,RFOX RFOX,"$0,010140544151",-0.5%,-3.5%,-11.7%,$443.485,$18.307.972,$20.196.053,091
708,Image Generation AI IMGNAI,"$0,023406087386",-0.3%,6.1%,53.7%,$305.210,$18.227.307,$23.452.731,078
709,Advertise Coin ADCO,"$0,404870",0.1%,-0.2%,-0.5%,"$7.209,84",$18.217.027,$20.241.141,090
710,Tokocrypto TKO,"$0,243019",0.0%,-1.3%,-1.3%,$1.875.772,$18.198.226,$121.321.506,015
711,Ethereum Meta ETHM,"$0,000000000018",-,-,-,-,$18.090.558,$18.090.558,-
712,Shiba Predator QOM,"$0,000000030031",-0.3%,0.2%,-9.0%,$108.214,$18.063.424,$30.105.707,060
713,Streamr DATA,"$0,023510501019",-0.1%,-3.6%,-1.2%,$820.340,$18.009.412,$46.953.196,038
714,Koinos KOIN,"$0,598019",1.2%,-3.5%,14.9%,"$51.185,09",$17.974.556,$17.975.862,100
715,SnailBrook SNAIL,"$0,000222826417",0.1%,0.2%,-1.9%,$283.007,$17.907.823,$22.280.890,080
716,Velo VELO,"$0,002411140599",-0.1%,0.9%,-4.9%,$3.243.353,$17.808.531,$57.831.776,031
717,AirSwap AST,"$0,100032",-0.5%,-2.5%,-4.3%,$372.771,$17.787.770,$49.984.964,036
718,ArbDoge AI AIDOGE,"$0,000000000096",0.0%,7.3%,10.8%,$5.625.554,$17.692.699,$20.264.935,087
719,Proton XPR,"$0,000873157396",1.2%,4.5%,1.1%,$1.076.799,$17.571.570,$25.103.352,070
720,Kepple [OLD] QLC,"$0,029276131101",,5.9%,1.5%,"$10,25",$17.565.679,$17.565.679,100
721,Gamium GMM,"$0,000561330073",0.3%,-2.9%,0.9%,$237.700,$17.536.999,$17.960.499,098
722,FUSION FSN,"$0,233789",0.1%,-2.9%,-1.6%,$129.219,$17.368.843,$19.135.938,091
723,IX IXT,"$0,205107",0.0%,-7.0%,-18.6%,$123.811,$17.362.259,$31.516.905,055
724,Wing Finance WING,"$4,88",-0.3%,-2.1%,-0.4%,$2.085.224,$17.316.908,$24.471.176,071
725,Paris Saint-Germain Fan Token PSG,"$3,60",-0.1%,-0.7%,-4.4%,$2.113.423,$17.307.530,$71.513.922,024
726,JUNO JUNO,"$0,217256",0.1%,-0.9%,-6.8%,"$69.347,01",$17.270.981,$40.307.701,043
727,GameFi GAFI,"$2,07",-0.1%,-10.3%,-12.0%,$139.905,$17.253.647,$30.935.169,056
728,HOPR HOPR,"$0,046544864999",-0.1%,1.1%,4.7%,$261.221,$17.197.889,$46.552.631,037
729,Kava Lend HARD,"$0,127637",-0.1%,-0.6%,1.5%,$2.001.464,$17.197.222,$25.516.744,067
730,Lazio Fan Token LAZIO,"$2,15",-0.3%,-2.0%,-4.4%,$1.112.809,$17.187.067,$86.162.386,020
731,Frontier FRONT,"$0,200015",4.7%,32.8%,34.7%,$67.406.398,$17.163.522,$17.662.740,097
732,r/FortNiteBR Bricks BRICK,"$0,153508",-1.6%,-21.6%,37.4%,$633.740,$17.107.708,$17.107.708,100
733,agEUR AGEUR,"$1,09",0.1%,0.2%,-0.4%,$1.733.858,$17.053.381,$17.053.381,100
734,AXEL AXEL,"$0,140961",2.4%,1.9%,-3.1%,"$1.272,45",$16.928.383,$140.989.256,012
735,HydraDX HDX,"$0,006584885614",-0.4%,-2.7%,-3.9%,"$57.844,83",$16.890.031,$42.793.770,039
736,VeraOne VRO,"$61,04",-0.0%,-0.9%,-2.8%,"$22.777,36",$16.850.956,$16.850.956,100
737,Battle World BWO,"$0,062915027933",0.5%,0.4%,-4.0%,"$93.829,09",$16.847.140,$62.886.309,027
738,UniLend Finance UFT,"$0,269808",0.3%,3.7%,6.7%,$4.533.955,$16.823.464,$26.990.957,062
739,TOR TOR,"$0,984319",-0.0%,-0.1%,-0.8%,"$797,51",$16.806.573,$16.806.573,100
740,Swarm BZZ,"$0,270532",-0.2%,-1.2%,-4.3%,$435.576,$16.789.934,$16.789.934,100
741,RMRK RMRK,"$1,76",-0.3%,-1.1%,-0.8%,"$41.217,61",$16.745.823,$17.627.182,095
742,Shiden Network SDN,"$0,268799",1.5%,7.2%,13.2%,$383.768,$16.727.400,$21.900.316,076
743,CorgiAI CORGIAI,"$0,000086857605",-0.2%,-2.6%,-27.4%,"$10.630,10",$16.715.306,$43.466.164,038
744,Opulous OPUL,"$0,065205763888",-0.4%,-2.0%,-9.6%,$580.940,$16.714.059,$32.768.993,051
745,OSHI OSHI,"$1.242,35",-0.3%,-0.4%,-5.4%,$305.171,$16.656.137,$16.656.137,100
746,Iron Bank EUR IBEUR,"$1,07",0.0%,-1.3%,-1.4%,$192.941,$16.591.092,$16.591.092,100
747,Aurory AURY,"$0,509958",0.2%,-0.5%,-17.5%,$203.850,$16.543.948,$51.046.320,032
748,Harvest Finance FARM,"$24,66",0.2%,-0.4%,-1.6%,$426.546,$16.530.945,$17.394.856,095
749,PolySwarm NCT,"$0,009560587447",-0.3%,-0.1%,-3.9%,$140.988,$16.516.806,$18.041.846,092
750,DeFi Pulse Index DPI,"$69,06",-4.3%,-10.2%,-4.8%,$672.073,$16.509.145,$16.509.145,100
751,Across Protocol ACX,"$0,063267064733",0.4%,2.5%,-1.0%,$462.447,$16.496.165,$63.047.045,026
752,bZx Protocol BZRX,"$0,025358005789",-0.0%,3.6%,0.0%,"$2.236,12",$16.387.810,$26.118.746,063
753,Streamr XDATA XDATA,"$0,023483833765",-1.0%,-2.8%,-1.3%,$149.681,$16.384.318,$23.199.871,071
754,sBTC SBTC,"$29.332,78",0.0%,0.1%,0.9%,"$0,000000000000",$16.278.138,$16.278.138,100
755,VIDT DAO VIDT,"$0,021039335367",-0.2%,1.0%,3.8%,$1.058.323,$16.181.483,$21.014.603,077
756,Kwenta KWENTA,"$110,14",0.5%,-1.1%,2.6%,$133.168,$16.088.410,$77.285.947,021
757,Santos FC Fan Token SANTOS,"$3,14",-0.2%,-2.6%,-2.8%,$2.150.544,$16.080.925,$94.407.432,017
758,Stafi FIS,"$0,285312",-0.1%,-0.6%,1.3%,$2.451.055,$16.045.605,$32.490.658,049
759,Volt Inu VOLT,"$0,000000257355",0.2%,1.9%,1.6%,$1.254.017,$16.027.962,$17.762.187,090
760,MicrovisionChain SPACE,"$12,53",-0.3%,-6.4%,-18.7%,"$7.837,84",$15.963.347,$263.408.115,006
761,Revain REV,"$0,000188750846",0.0%,-3.6%,-0.6%,$208.813,$15.959.516,$16.054.834,099
762,XCAD Network PLAY PLAY,"$0,072813136510",1.7%,-2.7%,-3.4%,$2.058.927,$15.928.691,$41.141.672,039
763,FIO Protocol FIO,"$0,021923998428",0.3%,1.7%,0.5%,$1.486.712,$15.843.185,$21.889.155,072
764,ZUSD ZUSD,"$0,994439",-0.0%,-0.2%,-0.8%,"$45.572,39",$15.833.079,$15.833.079,100
765,MANTRA OM,"$0,022503383710",-0.4%,-1.6%,1.3%,$2.324.008,$15.739.963,$19.999.901,079
766,Cosplay Token COT,"$0,020875314087",-0.2%,-3.6%,-5.4%,$964.380,$15.719.121,$20.960.017,075
767,PARSIQ PRQ,"$0,084809368059",0.2%,0.1%,2.4%,$257.524,$15.716.125,$26.320.404,060
768,ThetaDrop TDROP,"$0,001434317649",3.1%,5.1%,4.4%,$225.050,$15.679.187,$28.376.571,055
769,Gifto GFT,"$0,015570427092",-0.5%,4.2%,1.5%,$3.612.145,$15.568.449,$15.568.449,100
770,Shadow Token SHDW,"$0,105438",0.2%,0.2%,-8.8%,"$17.204,77",$15.561.228,$17.845.980,087
771,Indigo Protocol INDY,"$2,43",-0.8%,-3.2%,-14.9%,$116.716,$15.525.753,$85.219.122,018
772,AC Milan Fan Token ACM,"$2,14",0.2%,-1.7%,-4.3%,$1.734.235,$15.513.291,$42.678.772,036
773,ZambesiGold ZGD,"$0,369667",-8.2%,2.2%,1.0%,$185.412,$15.491.058,$65.432.656,024
774,Index Coop - ETH 2x Flexible Leverage Index ETH2X-FLI,"$11,94",0.1%,-0.3%,-0.9%,"$7.140,98",$15.486.079,$15.486.079,100
775,Stargaze STARS,"$0,011295202038",-0.1%,13.1%,11.4%,$150.494,$15.444.885,$33.906.917,046
776,Celo Euro CEUR,"$1,08",0.2%,-0.2%,-0.3%,"$49.047,94",$15.434.357,$11.922.577,129
777,veCRV-DAO yVault YVE-CRVDAO,"$0,752165",-,-,-,-,$15.419.092,$15.419.092,-
778,STFX STFX,"$0,044525316898",0.1%,-1.2%,-0.0%,"$29.618,59",$15.310.146,$44.532.689,034
779,NFT Worlds WRLD,"$0,027767149281",1.8%,3.8%,22.1%,$435.717,$15.302.340,$139.382.439,011
780,Ellipsis [OLD] EPS,"$0,021810337814",0.1%,0.5%,-0.2%,"$70,81",$15.227.047,$21.801.329,070
781,GYEN GYEN,"$0,006916551776",0.1%,0.1%,-1.4%,"$78.168,44",$15.175.952,$15.175.952,100
782,TENET TENET,"$0,131412",0.0%,-2.3%,13.5%,$1.429.206,$15.131.800,$157.622.918,010
783,Grai GRAI,"$0,983817",-0.0%,0.0%,-0.6%,$349.771,$15.074.507,$15.073.522,100
784,Enjinstarter EJS,"$0,004030859702",-1.4%,0.2%,10.7%,"$92.069,25",$15.040.336,$20.559.473,073
785,Kleros PNK,"$0,020648652748",-0.2%,1.6%,-17.6%,$373.264,$14.978.944,$15.925.645,094
786,Somnium Space CUBEs CUBE,"$1,01",0.1%,1.0%,3.0%,"$14.077,97",$14.936.351,$100.629.562,015
787,Aleph.im ALEPH,"$0,080520721558",0.2%,-0.7%,-7.6%,"$65.366,64",$14.934.246,$40.052.811,037
788,Circuits of Value COVAL,"$0,008327838831",0.1%,-3.1%,1.2%,"$66.211,61",$14.915.410,$14.915.410,100
789,Pintu PTU,"$0,231591",-0.3%,0.5%,-4.6%,"$2.799,07",$14.899.861,$69.407.050,021
790,TriasLab TRIAS,"$2,98",-0.2%,-2.7%,-11.4%,$396.451,$14.889.090,$29.778.180,050
791,Ethix ETHIX,"$0,210029",-0.0%,-1.1%,-3.6%,"$86,52",$14.799.059,$20.997.391,070
792,Stratos STOS,"$0,547826",-0.1%,-3.3%,13.2%,$330.043,$14.797.403,$54.779.539,027
793,PinkSale PINKSALE,"$147,20",,-0.5%,-1.4%,"$23,84",$14.720.489,$14.720.489,100
794,PIVX PIVX,"$0,194419",0.3%,-0.1%,-2.9%,$459.200,$14.706.327,$14.706.327,100
795,Vite VITE,"$0,014170297243",0.9%,2.5%,1.0%,$1.004.076,$14.680.515,$15.278.160,096
796,Samoyedcoin SAMO,"$0,003660701998",-0.6%,-0.9%,-1.7%,$172.207,$14.618.755,$17.388.462,084
797,Bitcoin 2 BTC2,"$0,812075",-1.2%,1.0%,35.4%,"$1.040,79",$14.575.672,$17.048.158,085
798,Wise WISE,"$0,144116",3.5%,21.7%,3.9%,$446.957,$14.541.351,$86.695.241,017
799,KlimaDAO KLIMA,"$1,68",-0.1%,0.8%,-1.5%,"$17.541,42",$14.444.300,$14.444.300,100
800,XEN Crypto XEN,"$0,000000790787",0.1%,-5.4%,8.1%,$2.111.085,$14.432.004,$14.432.004,100
801,GAMI World GAMI,"$0,367977",-15.0%,11.7%,10.7%,"$10.517,42",$14.362.471,$55.318.820,026
802,Decentral Games Governance XDG,"$0,032592166955",-0.3%,-0.1%,-7.9%,"$1.498,84",$14.329.282,$14.329.282,100
803,Kyber Network Crystal Legacy KNCL,"$0,664064",-0.4%,-4.1%,2.5%,"$46.421,32",$14.329.215,$150.726.619,010
804,Altered State Machine ASTO,"$0,020621548364",1.3%,-2.1%,8.3%,$491.423,$14.293.346,$49.082.439,029
805,AIOZ Network AIOZ,"$0,014753683912",-0.6%,-19.2%,7.5%,$1.382.466,$14.287.231,$14.715.378,097
806,OG Fan Token OG,"$3,64",-0.2%,-1.9%,-2.0%,$5.532.314,$14.198.848,$18.238.131,078
807,Crypto Gladiator League CGL,"$0,009132652087",2.3%,0.8%,4.9%,$230.698,$14.172.419,$28.330.673,050
808,Diamond DMD,"$3,75",1.0%,0.7%,-3.1%,"$8.395,55",$14.131.350,$16.418.529,086
809,UXD Stablecoin UXD,"$1,00",0.0%,-0.1%,0.0%,$473.101,$14.130.487,$9.001.211,157
810,Level LVL,"$1,84",1.2%,-4.3%,-22.7%,$131.912,$14.054.885,$91.998.188,015
811,Arsenal Fan Token AFC,"$1,59",0.0%,-0.4%,-0.4%,$1.967.744,$14.054.253,$63.687.966,022
812,Bonk BONK,"$0,000000326858",-0.3%,-1.3%,-5.4%,$1.840.523,$14.048.522,$30.683.944,046
813,Hacken HAI,"$0,021675658856",-0.5%,-0.4%,0.6%,$472.035,$14.022.427,$21.704.469,065
814,Umee UMEE,"$0,003163177253",0.1%,-6.2%,-6.3%,"$77.547,09",$14.019.220,$37.901.806,037
815,Zano ZANO,"$1,01",0.1%,3.1%,0.5%,"$11.953,82",$14.016.256,-,-
816,ICHI ICHI,"$2,10",0.5%,0.9%,-4.9%,"$67.515,46",$13.998.216,$21.008.273,067
817,Vela Token VELA,"$1,14",-1.0%,1.1%,19.5%,$567.929,$13.990.107,$57.150.610,024
818,ParagonsDAO PDT,"$0,112572",1.2%,27.2%,80.8%,$473.460,$13.983.968,$18.295.616,076
819,Rebel Bots RBLS,"$0,059788868126",0.0%,2.9%,-0.9%,"$69.168,19",$13.981.521,$17.936.288,078
820,Ben BEN,"$0,000000033044",-1.4%,-11.3%,-16.5%,$1.541.963,$13.889.739,$13.889.739,100
821,QASH QASH,"$0,017085988563",1.0%,-7.1%,9.6%,"$25.875,98",$13.838.839,$17.019.719,081
822,Cere Network CERE,"$0,003080378261",0.0%,-1.7%,-1.8%,$159.268,$13.815.759,$30.842.186,045
823,Poolz Finance POOLX,"$2,97",-0.0%,12.3%,11.5%,$772.193,$13.798.147,$16.314.591,085
824,GET Protocol GET,"$1,19",-0.1%,-8.7%,-9.9%,"$22.426,28",$13.771.945,$39.808.679,035
825,Dogechain DC,"$0,000621176551",-1.3%,-3.1%,-6.1%,$378.637,$13.672.501,$105.339.620,013
826,Kitty Inu KITTY,"$0,000018660111",0.1%,-1.5%,-4.7%,"$5.125,22",$13.654.381,$13.654.381,100
827,Delysium AGI,"$0,055053143246",-0.2%,-2.8%,5.8%,$371.352,$13.633.973,$165.097.795,008
828,Hathor HTR,"$0,055137390903",-3.0%,-4.0%,13.6%,$665.059,$13.590.801,$47.933.450,028
829,Presearch PRE,"$0,034138666247",-0.9%,-2.1%,16.1%,"$61.809,64",$13.535.336,$17.065.144,079
830,Alephium ALPH,"$0,284476",-0.3%,-3.9%,-16.4%,"$47.508,17",$13.530.291,$284.400.463,005
831,FEG BSC FEG,"$0,000270482376",-1.4%,-0.4%,23.0%,"$31.443,56",$13.519.923,$27.039.847,050
832,Mute MUTE,"$0,328029",-0.1%,1.6%,-3.0%,$502.287,$13.478.465,$13.478.465,100
833,BurgerCities BURGER,"$0,404716",-0.6%,-1.6%,-2.4%,$6.643.041,$13.453.541,$24.675.005,055
834,Ovr OVR,"$0,260006",-0.7%,0.5%,-2.3%,$615.697,$13.415.740,$23.524.494,057
835,Galaxia GXA,"$0,005204433954",-0.4%,2.2%,1.5%,$397.895,$13.313.946,$52.097.765,026
836,Crypto Carbon Energy CYCE,"$0,650319",0.0%,0.1%,1.0%,$1.577.523,$13.182.101,$27.304.716,048
837,Media Licensing Token MLT,"$0,089819890474",0.1%,3.8%,2.1%,$180.918,$13.144.495,$17.956.781,073
838,MATH MATH,"$0,077129609086",0.1%,0.1%,1.4%,"$97.370,62",$13.087.323,$15.396.850,085
839,Red Kite PKF,"$0,091597340166",-0.2%,-4.6%,-7.7%,"$39.806,65",$13.072.031,$18.358.030,071
840,Toucan Protocol: Base Carbon Tonne BCT,"$0,700969",-0.4%,-1.0%,-3.3%,"$680,42",$13.000.727,$13.000.727,100
841,Popsicle Finance ICE,"$0,849312",-0.9%,-2.2%,-1.7%,"$53.884,72",$12.973.770,$20.511.687,063
842,XANA XETA,"$0,010966987034",2.1%,0.8%,7.8%,$467.225,$12.966.615,$54.858.054,024
843,YUSD Stablecoin YUSD,"$1,00",0.0%,-0.0%,-0.2%,"$26.763,85",$12.906.127,$12.906.127,100
844,Efforce WOZX,"$0,020765287491",3.2%,10.1%,18.4%,$953.955,$12.869.257,$20.664.979,062
845,KI XKI,"$0,027543426783",-0.2%,-2.1%,-1.2%,"$1.896,38",$12.854.307,$26.068.559,049
846,SOLVE SOLVE,"$0,021387338901",1.4%,6.7%,2.7%,$3.146.710,$12.840.792,$21.401.320,060
847,Hegic HEGIC,"$0,011926245883",0.1%,0.5%,-2.4%,$431.574,$12.837.708,$12.837.708,100
848,TrustSwap SWAP,"$0,127709",-0.0%,3.2%,3.2%,$200.064,$12.772.764,$12.773.382,100
849,Dagger XDAG,"$0,010469046670",-1.1%,-5.5%,13.9%,"$26.356,00",$12.750.996,$14.771.468,086
850,Aeternity AE,"$0,030551777878",-3.2%,5.9%,-5.7%,$141.141,$12.738.687,$16.389.407,078
851,GroveCoin GRV,"$0,168348",0.3%,-6.9%,-18.6%,$1.184.381,$12.686.156,$16.887.119,075
852,Optimus AI OPTI,"$0,126901",-0.5%,6.3%,35.8%,$175.019,$12.664.650,$12.664.650,100
853,NUM Token NUM,"$0,024602100348",-0.6%,-6.1%,-11.2%,$111.349,$12.641.341,$24.610.859,051
854,WeWay WWY,"$0,004767045300",-0.0%,-1.7%,-4.9%,$300.602,$12.637.013,$47.671.957,027
855,rETH2 RETH2,"$1.821,71",0.1%,-0.1%,-0.6%,"$11.669,55",$12.635.020,$12.635.020,100
856,Vectorspace AI VXV,"$0,332582",-0.1%,-4.3%,4.0%,"$94.355,99",$12.628.693,$16.628.980,076
857,ShapeShift FOX FOX,"$0,022151654619",1.4%,12.3%,16.3%,$1.080.153,$12.621.165,$22.277.887,057
858,Boson Protocol BOSON,"$0,117188",0.4%,5.2%,-5.3%,$561.131,$12.615.191,$23.419.604,054
859,SideShift XAI,"$0,100513",0.2%,-4.7%,-6.6%,"$4.057,47",$12.551.989,$21.102.655,059
860,Boosted LUSD BLUSD,"$1,15",0.1%,-0.1%,-1.0%,"$23.837,97",$12.401.945,$12.401.945,100
861,Galatasaray Fan Token GAL,"$2,45",-0.3%,-0.7%,-0.6%,$3.466.666,$12.353.595,$24.487.118,050
862,Strips Finance STRP,"$0,411857",1.0%,0.3%,-2.0%,"$18.683,33",$12.342.422,$40.757.464,030
863,OctaSpace OCTA,"$0,601838",1.8%,-15.8%,-22.6%,$116.715,$12.290.040,$28.382.698,043
864,Drep DREP,"$0,252208",-0.3%,-0.7%,2.7%,$1.322.866,$12.288.079,$25.212.781,049
865,RAI Finance SOFI,"$0,026754749818",-0.1%,-2.5%,-21.3%,$383.792,$12.266.302,$27.388.163,045
866,Spool SPOOL,"$0,324015",-0.1%,-0.2%,-9.7%,"$80.410,70",$12.101.442,$68.040.274,018
867,Hydra HYDRA,"$0,544625",-0.2%,-1.8%,-10.5%,$395.819,$12.098.541,-,-
868,Syntropy NOIA,"$0,025236907119",-0.3%,3.3%,-5.7%,$258.505,$12.095.593,$25.226.075,048
869,Itheum ITHEUM,"$0,020350613547",-0.4%,-1.6%,-4.9%,"$2.552,87",$12.072.947,$20.376.283,059
870,Observer OBSR,"$0,002088782661",0.5%,46.6%,75.4%,$12.360.006,$12.066.530,$29.090.591,041
871,Buying.com BUY,"$0,022114002445",0.1%,0.1%,-0.0%,$287.370,$11.995.143,$22.090.737,054
872,Fuse FUSE,"$0,050902469915",0.0%,-0.1%,-1.9%,$822.238,$11.991.925,$18.093.146,066
873,Wonderland TIME TIME,"$13,28",-0.3%,-1.6%,-1.5%,"$1.725,66",$11.957.728,$690.307.580,002
874,holoride RIDE,"$0,016900318258",0.5%,-1.6%,-2.2%,"$19.271,33",$11.859.960,$16.898.820,070
875,Velodrome Finance VELO,"$0,089953085303",0.2%,2.0%,-17.9%,$959.407,$11.846.701,$100.507.330,012
876,Steam Exchange STEAMX,"$0,000118259845",-,-,-,-,$11.825.984,$11.825.984,-
877,Stader BNBx BNBX,"$254,27",0.1%,-0.3%,-2.3%,$125.859,$11.808.721,-,-
878,ISKRA Token ISK,"$0,228664",-0.1%,-0.9%,4.5%,"$63.955,73",$11.782.402,$228.658.122,005
879,FEG ETH FEG,"$0,000235370164",-0.1%,0.3%,1.4%,"$51.264,99",$11.765.932,$23.531.864,050
880,Phantasma SOUL,"$0,096831998553",-0.9%,-1.4%,-2.2%,$137.508,$11.763.628,$11.763.628,100
881,Giddy GDDY,"$0,009776249351",0.0%,-2.1%,-3.5%,"$44.695,91",$11.749.344,$9.771.902,120
882,chrono.tech TIME,"$16,51",0.5%,-2.2%,-0.8%,$307.709,$11.687.952,$11.687.952,100
883,Camelot Token GRAIL,"$912,65",-0.4%,-0.8%,-15.0%,$567.321,$11.658.408,$91.073.147,013
884,SaucerSwap SAUCE,"$0,025183317005",-2.0%,4.5%,25.6%,$283.546,$11.627.288,$24.965.127,047
885,Ion ION,"$542,08",-0.3%,-2.3%,-1.4%,"$5.774,04",$11.546.037,$11.546.037,100
886,Ooki OOKI,"$0,002588765489",0.2%,-4.1%,-5.9%,$771.015,$11.515.117,$26.642.134,043
887,Newscrypto Coin NWC,"$0,067961062624",0.1%,-1.0%,-2.1%,"$52.162,51",$11.493.201,$19.002.752,060
888,ApolloX APX,"$0,026416394883",0.9%,-0.6%,-15.3%,"$12.752,78",$11.486.329,$264.305.265,004
889,LIF3 LIF3,"$0,005432165159",-1.0%,-6.2%,-17.1%,"$14.064,37",$11.476.852,$48.242.347,024
890,Silo Finance SILO,"$0,046323426512",0.1%,-1.3%,1.3%,"$28.916,11",$11.393.206,$46.322.584,025
891,Impossible Finance Launchpad IDIA,"$0,016320800562",-2.6%,-4.3%,-9.0%,"$9.810,15",$11.365.650,$16.318.985,070
892,Tokenlon LON,"$0,445873",4.1%,0.8%,2.5%,$417.278,$11.348.039,$89.558.865,013
893,Mare Finance MARE,"$0,296615",-0.4%,1.7%,153.5%,"$2.774,70",$11.304.441,$29.648.311,038
894,Augur REP,"$1,40",0.3%,-1.7%,-3.4%,$1.315.033,$11.219.646,$11.219.646,100
895,USDX USDX,"$0,920601",-0.1%,-1.1%,-2.3%,$681.895,$11.180.173,-,-
896,Hera Finance HERA,"$3,11",-1.1%,6.1%,6.3%,"$59.994,07",$11.167.101,$31.132.146,036
897,Sphere Finance SPHERE,"$0,001462812418",-0.4%,-4.2%,-6.7%,"$8.443,81",$11.160.387,$13.040.206,086
898,Not Financial Advice NFAI,"$0,147573",1.0%,3.9%,12.9%,"$61.532,26",$11.091.440,$14.759.697,075
899,Rhino.fi DVF,"$0,736797",0.4%,-0.8%,1.4%,"$5.968,46",$11.083.834,$73.639.821,015
900,Yoshi.exchange YOSHI,"$0,040164932964",-0.2%,-0.3%,-0.2%,"$35.414,95",$11.062.292,$40.162.861,028
901,Meta Apes PEEL PEEL,"$0,062325206362",-0.2%,-0.5%,-4.5%,$731.812,$10.954.206,$62.370.139,018
902,Cult DAO CULT,"$0,000002544389",-0.3%,-6.0%,1.0%,$1.188.023,$10.928.144,$16.959.491,064
903,Dimitra DMTR,"$0,027516736950",0.2%,-7.5%,-11.4%,$162.951,$10.922.675,$27.520.036,040
904,Octopus Network OCT,"$0,141088",-0.1%,-0.4%,2.1%,$275.522,$10.913.088,$14.120.470,077
905,Undead Blocks UNDEAD,"$0,081116980674",0.2%,-0.1%,-2.1%,$126.163,$10.910.896,$40.410.724,027
906,STEPN Green Satoshi Token on ETH GST-ETH,"$0,235921",-0.4%,-0.3%,-8.6%,"$32.791,01",$10.900.204,$7.077.159,154
907,Rarible RARI,"$0,930700",-8.4%,-6.6%,-9.0%,$342.184,$10.888.139,$23.508.640,046
908,ForTube FOR,"$0,019325914862",0.8%,4.0%,1.0%,$2.355.606,$10.887.178,$19.313.163,056
909,Bitcoin Diamond BCD,"$0,057506564721",-1.2%,-8.4%,-1.6%,"$27.810,64",$10.829.223,$12.086.385,090
910,Areon Network AREA,"$0,158345",0.0%,-1.2%,-0.1%,"$84.140,28",$10.804.020,$79.155.812,014
911,Inter Milan Fan Token INTER,"$1,99",0.1%,-0.9%,-15.4%,$797.379,$10.802.166,$39.673.473,027
912,AirDAO AMB,"$0,006780400185",-1.3%,-5.7%,1.7%,$2.995.979,$10.758.812,$43.192.524,025
913,DIMO DIMO,"$0,080004164899",-0.1%,-0.3%,-1.1%,"$40.913,15",$10.732.825,$80.029.057,013
914,Metacade MCADE,"$0,007227485489",-0.2%,-11.3%,-16.2%,$223.775,$10.704.040,$14.450.965,074
915,SWFTCOIN SWFTC,"$0,001195669855",0.1%,-1.9%,-4.8%,$1.653.205,$10.699.071,$11.942.260,090
916,Revolution Populi RVP,"$0,008845618569",0.5%,2.8%,-9.8%,"$24.365,91",$10.643.403,$17.739.005,060
917,Plugin PLI,"$0,143362",-0.6%,16.7%,89.7%,$132.378,$10.590.635,$72.626.108,015
918,Taboo TABOO,"$0,001103527289",4.6%,0.3%,2.2%,$336.683,$10.531.167,$10.531.167,100
919,hi Dollar HI,"$0,003361451739",0.8%,-1.2%,-0.1%,$242.852,$10.512.061,$44.106.220,024
920,Games for a Living GFAL,"$0,014497234856",-1.6%,-3.5%,4.3%,$234.881,$10.487.324,$146.238.381,007
921,AMO Coin AMO,"$0,000545051490",-1.2%,2.3%,2.1%,$483.400,$10.443.645,$11.591.899,090
922,Cratos CRTS,"$0,000191357533",-0.3%,0.1%,-0.4%,$176.744,$10.409.717,$19.282.193,054
923,Rari Governance RGT,"$0,924688",1.0%,-11.2%,-17.5%,"$38.791,20",$10.409.544,$11.546.684,090
924,Conic CNC,"$2,17",0.7%,-0.6%,-7.6%,"$24.961,72",$10.370.892,$21.559.400,048
925,Tokemak TOKE,"$0,604879",0.0%,0.4%,1.6%,"$92.764,87",$10.366.400,$60.507.711,017
926,Aave [OLD] LEND,"$0,288029",0.0%,-54.7%,-4.4%,"$186,01",$10.349.560,$374.284.857,003
927,Cream CREAM,"$13,47",0.3%,-0.2%,-2.1%,$499.125,$10.326.621,$121.246.384,009
928,Vela Exchange DXP,"$1,18",-1.1%,3.0%,23.6%,"$1.027,64",$10.319.111,$117.932.694,009
929,Atletico Madrid Fan Token ATM,"$2,68",0.1%,-2.4%,-3.4%,$1.289.410,$10.302.460,$26.751.555,039
930,Ferro FER,"$0,010202825804",0.2%,2.4%,-1.2%,"$32.018,32",$10.297.245,$51.558.019,020
931,Gamma Strategies GAMMA,"$0,175176",-1.1%,-12.4%,-10.1%,$181.203,$10.286.239,$17.516.418,059
932,PER Project PER,"$0,033045920331",-0.2%,-0.9%,-2.8%,"$1.510,48",$10.250.358,$19.737.532,052
933,UNCX Network UNCX,"$282,79",0.0%,-11.0%,-4.3%,"$5.815,82",$10.228.300,$13.477.270,076
934,PowerPool Concentrated Voting Power CVP,"$0,318414",0.2%,-0.0%,0.4%,$3.607.971,$10.201.573,$31.847.541,032
935,BigShortBets BIGSB,"$1,05",-,-,-,-,$10.168.731,$104.794.744,-
936,Peercoin PPC,"$0,358402",0.1%,0.9%,-0.3%,"$1.892,70",$10.153.858,$9.768.075,104
937,MarsDAO MDAO,"$0,142141",-0.7%,-0.9%,-0.9%,"$93.520,73",$10.149.586,$14.224.099,071
938,Juventus Fan Token JUV,"$2,30",-0.0%,-1.2%,-4.4%,$911.540,$10.146.533,$45.989.971,022
939,Era Swap ES,"$0,004766978889",0.1%,-0.0%,-5.8%,$333.052,$10.143.383,$43.378.155,023
940,Splintershards SPS,"$0,020666899574",-0.1%,-0.7%,-8.4%,$200.641,$10.122.643,$62.010.959,016
941,CoW Protocol COW,"$0,065211816358",-1.4%,-2.5%,-2.3%,"$7.950,46",$10.003.279,$65.212.058,015
942,Choise.com CHO,"$0,090690673261",-1.3%,14.4%,15.7%,$1.053.488,$9.961.707,$90.913.148,011
943,Dexalot ALOT,"$0,406556",0.0%,1.0%,7.0%,"$13.855,45",$9.864.342,$40.641.571,024
944,Unibright UBT,"$0,068815676898",2.8%,10.2%,-16.0%,$393.965,$9.863.666,$9.863.666,100
945,Lucro LCR,"$0,000098681097",0.1%,2.0%,15.2%,"$16.231,02",$9.859.755,$9.864.034,100
946,Pundi X [OLD] NPXS,"$0,000041655186",-,-,-,-,$9.852.255,$10.767.811,-
947,Marinade MNDE,"$0,048071212094",-0.2%,-0.1%,1.8%,"$62.146,73",$9.828.241,$48.126.543,020
948,WEMIX Dollar WEMIX$,"$1,00",-0.0%,0.3%,-0.0%,"$55.593,94",$9.806.596,$9.806.596,100
949,HUSD HUSD,"$0,052137207109",0.1%,-0.7%,-0.9%,"$587,05",$9.790.016,$9.790.016,100
950,Bitcoin Pro BTCP,"$74,58",0.0%,7.9%,77.2%,"$7.832,53",$9.619.095,$156.568.590,006
951,Nimiq NIM,"$0,000867934562",-0.0%,-3.1%,-5.1%,"$46.071,98",$9.579.944,$18.237.648,053
952,Xbit XBT,"$0,011071057045",-0.4%,-0.4%,-0.2%,$6.551.305,$9.553.682,$11.070.315,086
953,Prizm PZM,"$0,002747544854",0.0%,3.6%,1.5%,"$4.308,31",$9.549.421,$16.485.552,058
954,WXT Token WXT,"$0,004143917931",0.8%,1.3%,6.5%,$145.388,$9.540.561,$41.471.686,023
955,Sovryn SOV,"$0,303308",0.2%,0.7%,-15.7%,"$69.235,55",$9.521.600,$30.341.372,031
956,Galactic Quadrant GQ,"$0,002202334597",1.0%,-3.8%,-22.0%,$1.806.289,$9.519.551,$21.860.033,044
957,STEPN Green Satoshi Token on Solana GST-SOL,"$0,011786004472",-0.2%,-2.8%,-2.4%,$179.939,$9.491.884,$9.609.998,099
958,Scallop SCLP,"$0,145493",-0.9%,-1.2%,-2.0%,$1.456.058,$9.394.215,$14.524.977,065
959,pSTAKE Finance PSTAKE,"$0,033908100153",0.6%,-0.0%,-1.5%,$695.877,$9.369.239,$16.966.428,055
960,Nash NEX,"$0,232595",0.9%,7.9%,4.4%,"$2.753,16",$9.342.775,$11.773.993,079
961,Witnet WIT,"$0,007579039738",-0.1%,-2.0%,-9.1%,$302.199,$9.335.255,$18.951.204,049
962,Clearpool CPOOL,"$0,021749923601",-0.4%,2.6%,-9.7%,$368.835,$9.322.569,$21.797.781,043
963,Turbo TURBO,"$0,000134267818",1.4%,1.7%,18.6%,$1.464.018,$9.292.070,$9.292.070,100
964,Validity VAL,"$1,91",1.3%,4.6%,0.1%,$1.520.181,$9.265.120,$16.995.742,055
965,CHEQD Network CHEQ,"$0,030878955395",-1.7%,-3.8%,-3.3%,$167.558,$9.253.759,$33.801.761,027
966,PIP PIP,"$0,086672233505",0.0%,-3.2%,-5.9%,$316.288,$9.251.021,$86.858.952,011
967,FibSwap DEX FIBO,"$0,002985532309",-1.1%,-8.0%,-8.5%,"$2.146,49",$9.179.048,$10.198.943,090
968,Counterparty XCP,"$3,53",-0.0%,18.4%,23.2%,"$71.079,59",$9.149.910,$9.344.961,098
969,SquidGrow SQUIDGROW,"$0,000000009623",-0.1%,-4.2%,7.0%,$823.756,$9.130.888,$9.673.675,094
970,ZKSpace ZKS,"$0,040804446811",0.1%,1.7%,-4.4%,$500.180,$9.122.014,$40.823.511,022
971,Pallapay PALLA,"$0,011984820698",-,-,-,-,$9.096.689,$23.969.641,-
972,Push Protocol PUSH,"$0,219035",-0.8%,-2.7%,-1.5%,$312.827,$9.082.901,$21.905.935,041
973,TRAC (Ordinals) TRAC,"$0,427565",-1.1%,-9.9%,31.2%,$113.814,$9.013.269,$9.013.269,100
974,KALM KALM,"$1,11",0.2%,1.5%,11.1%,"$31.842,49",$9.011.676,$11.103.998,081
975,Fulcrom FUL,"$0,008520135344",0.3%,3.4%,-0.9%,"$10.195,31",$9.007.719,$170.251.421,005
976,PodFast $FAST,"$0,088490379391",1.8%,-14.7%,558.3%,"$56.957,55",$8.972.364,$8.972.364,100
977,Mimo Governance MIMO,"$0,017081397777",0.2%,-0.7%,-19.2%,"$56.012,85",$8.764.903,$13.693.709,064
978,Handshake HNS,"$0,014472076061",-0.4%,5.3%,17.1%,"$36.498,60",$8.741.190,$29.540.091,030
979,AtPay ATPAY,"$0,290067",-0.2%,-3.6%,3.9%,"$51.938,58",$8.732.262,$87.322.624,010
980,Viberate VIB,"$0,047749931986",-0.6%,-1.8%,-3.8%,$2.683.216,$8.728.441,$9.562.068,091
981,CateCoin CATE,"$0,000000253412",0.0%,-0.6%,-0.8%,$469.157,$8.710.198,$25.336.082,034
982,Unisocks SOCKS,"$29.044,61",-,-,-,-,$8.684.130,$8.684.130,-
983,MixMarvel MIX,"$0,001698381995",0.2%,6.2%,1.1%,$499.912,$8.684.081,$16.885.015,051
984,Comtech Gold CGO,"$61,57",0.1%,-0.0%,-1.2%,$680.262,$8.679.673,$8.679.673,100
985,Bitrock BROCK,"$0,086861065496",-2.6%,-2.1%,50.2%,$169.516,$8.672.267,$8.672.267,100
986,Symbiosis SIS,"$0,189559",0.2%,5.7%,8.9%,$3.666.783,$8.665.646,$18.968.835,046
987,Aventus AVT,"$0,919587",-0.8%,-1.7%,-2.7%,$133.093,$8.656.325,$9.748.942,089
988,Obyte GBYTE,"$10,22",-2.0%,-1.0%,-1.1%,"$3.854,10",$8.620.034,$10.225.879,084
989,renBTC RENBTC,"$28.044,77",1.1%,-4.1%,-6.9%,"$143,58",$8.565.878,$8.565.878,100
990,Tomb Shares TSHARE,"$216,46",-1.1%,6.2%,22.5%,"$13.076,07",$8.552.558,$15.300.657,056
991,Jade Protocol JADE,"$9,02",-,-,-,-,$8.536.729,$9.229.956,-
992,Divi DIVI,"$0,002413771664",0.6%,-2.3%,-7.0%,$216.351,$8.534.837,-,-
993,KRYLL KRL,"$0,233443",0.3%,0.2%,-2.4%,"$74.104,06",$8.523.553,$11.534.424,074
994,OAX OAX,"$0,153214",0.6%,1.7%,-0.3%,$2.313.376,$8.519.481,$15.271.098,056
995,Robo Inu Finance RBIF,"$0,000000000146",0.7%,-2.8%,9.4%,"$3.081,87",$8.459.058,$14.607.644,058
996,IMPT IMPT,"$0,006566649548",0.2%,-0.8%,10.1%,$1.598.427,$8.453.407,$19.703.281,043
997,Prosper PROS,"$0,278011",-0.7%,-4.4%,-2.7%,$1.045.387,$8.450.081,$27.813.004,030
998,Grizzly Honey GHNY,"$6,82",-0.0%,-1.4%,-4.7%,"$5.175,10",$8.419.248,$8.419.774,100
999,SIX Network SIX,"$0,030740626072",1.7%,16.9%,25.9%,$1.538.350,$8.419.150,$30.751.899,027
1000,Bitrue Coin BTR,"$0,030692004904",0.1%,-0.2%,-6.7%,$2.262.443,$8.409.523,$30.689.172,027
